-- phpMyAdmin SQL Dump
-- version 4.1.8
-- http://www.phpmyadmin.net
--
-- Hoszt: localhost
-- Létrehozás ideje: 2014. Júl 17. 11:11
-- Szerver verzió: 5.5.37-cll
-- PHP verzió: 5.4.23

SET SQL_MODE = "NO_AUTO_VALUE_ON_ZERO";
SET time_zone = "+00:00";


/*!40101 SET @OLD_CHARACTER_SET_CLIENT=@@CHARACTER_SET_CLIENT */;
/*!40101 SET @OLD_CHARACTER_SET_RESULTS=@@CHARACTER_SET_RESULTS */;
/*!40101 SET @OLD_COLLATION_CONNECTION=@@COLLATION_CONNECTION */;
/*!40101 SET NAMES utf8 */;

--
-- Adatbázis: `pottyos4_plainhouse`
--

-- --------------------------------------------------------

--
-- Tábla szerkezet ehhez a táblához `admin`
--

CREATE TABLE IF NOT EXISTS `admin` (
  `id` int(11) NOT NULL AUTO_INCREMENT,
  `username` varchar(75) COLLATE utf8_hungarian_ci NOT NULL,
  `email` varchar(100) COLLATE utf8_hungarian_ci NOT NULL,
  `password` varchar(512) COLLATE utf8_hungarian_ci NOT NULL,
  `role` int(11) NOT NULL DEFAULT '1',
  PRIMARY KEY (`id`)
) ENGINE=InnoDB  DEFAULT CHARSET=utf8 COLLATE=utf8_hungarian_ci AUTO_INCREMENT=3 ;

--
-- A tábla adatainak kiíratása `admin`
--

INSERT INTO `admin` (`id`, `username`, `email`, `password`, `role`) VALUES
(1, 'admin', '', '05db4ee4c4ebcb0c19571283be40bdceccb73cd83898519a6ed49c5754fafae46a87e2a14c98aba94f1668633471e149970a7544f93f36ef6bd7eb04f5539517', 99),
(2, 'joe956', 'joe956@gmail.com', '207650403485c4fd556b18951a7f820cf8c57b22bd9a9380a93932484483b67a6e1f36fbaa16bb6615aa5c0d0bc7b16b670b8e1caa1b5576e381e40e1576cf1c', 1);

-- --------------------------------------------------------

--
-- Tábla szerkezet ehhez a táblához `board`
--

CREATE TABLE IF NOT EXISTS `board` (
  `id` int(11) NOT NULL AUTO_INCREMENT,
  `creation_date` date NOT NULL,
  `title` varchar(250) COLLATE utf8_hungarian_ci NOT NULL,
  `text` text COLLATE utf8_hungarian_ci NOT NULL,
  `valid_till` date NOT NULL DEFAULT '2099-12-31',
  `valid` tinyint(1) NOT NULL DEFAULT '1',
  PRIMARY KEY (`id`)
) ENGINE=InnoDB  DEFAULT CHARSET=utf8 COLLATE=utf8_hungarian_ci AUTO_INCREMENT=3 ;

--
-- A tábla adatainak kiíratása `board`
--

INSERT INTO `board` (`id`, `creation_date`, `title`, `text`, `valid_till`, `valid`) VALUES
(1, '2000-01-01', 'Gratulálunk!', 'Az Ön társasházában a PlainHouse társasházkezelő rendszer működik. A program segítségével nyomon követheti befizetéseit, közösköltségének alakulását, illetve tájékozódhat a társasházat érintő legfrissebb hírekről.  ', '2099-12-31', 1),
(2, '2014-07-01', 'SzMSz szavazás', 'Kérek mindenkit, hogy vegyen részt a szavazáson, hogy végre elkészüljön a Társasház Szervezeti és Működési Szabályzata!', '2014-07-25', 1);

-- --------------------------------------------------------

--
-- Tábla szerkezet ehhez a táblához `ccost`
--

CREATE TABLE IF NOT EXISTS `ccost` (
  `id` int(11) NOT NULL AUTO_INCREMENT,
  `deposit_id` int(11) NOT NULL,
  `year` int(11) NOT NULL,
  `month` int(11) NOT NULL,
  `ccost` int(11) NOT NULL,
  PRIMARY KEY (`id`),
  KEY `deposit_id` (`deposit_id`)
) ENGINE=InnoDB  DEFAULT CHARSET=utf8 COLLATE=utf8_hungarian_ci AUTO_INCREMENT=1236 ;

--
-- A tábla adatainak kiíratása `ccost`
--

INSERT INTO `ccost` (`id`, `deposit_id`, `year`, `month`, `ccost`) VALUES
(1, 1, 2013, 1, 9050),
(2, 2, 2013, 1, 8450),
(3, 3, 2013, 1, 9650),
(4, 4, 2013, 1, 9650),
(5, 5, 2013, 1, 9650),
(6, 6, 2013, 1, 5650),
(7, 7, 2013, 1, 9650),
(8, 8, 2013, 1, 9600),
(9, 9, 2013, 1, 6800),
(10, 10, 2013, 1, 10900),
(11, 11, 2013, 1, 8400),
(12, 12, 2013, 1, 6900),
(13, 13, 2013, 1, 10900),
(14, 14, 2013, 1, 9600),
(15, 15, 2013, 1, 6800),
(16, 16, 2013, 1, 9650),
(17, 17, 2013, 1, 8400),
(18, 18, 2013, 1, 6900),
(19, 19, 2013, 1, 9650),
(20, 20, 2013, 1, 9600),
(21, 21, 2013, 1, 6800),
(22, 22, 2013, 1, 9650),
(23, 23, 2013, 1, 9650),
(24, 24, 2013, 1, 5650),
(25, 25, 2013, 1, 8400),
(26, 26, 2013, 1, 10850),
(27, 27, 2013, 1, 5550),
(28, 28, 2013, 1, 10900),
(29, 29, 2013, 1, 10900),
(30, 30, 2013, 1, 6900),
(31, 31, 2013, 1, 10900),
(32, 32, 2013, 1, 8350),
(33, 33, 2013, 1, 5550),
(34, 34, 2013, 1, 8400),
(35, 35, 2013, 1, 8400),
(36, 36, 2013, 1, 5650),
(37, 37, 2013, 1, 8400),
(38, 38, 2013, 1, 9600),
(39, 39, 2013, 1, 5550),
(40, 40, 2013, 1, 9650),
(41, 41, 2013, 1, 9650),
(42, 42, 2013, 1, 5650),
(43, 43, 2013, 1, 10900),
(44, 44, 2013, 1, 10850),
(45, 45, 2013, 1, 5550),
(46, 46, 2013, 1, 9650),
(47, 47, 2013, 1, 9650),
(48, 48, 2013, 1, 5650),
(49, 49, 2013, 1, 9650),
(50, 50, 2013, 1, 10850),
(51, 51, 2013, 1, 5550),
(52, 52, 2013, 1, 8400),
(53, 53, 2013, 1, 9650),
(54, 54, 2013, 1, 6900),
(55, 55, 2013, 1, 9650),
(56, 56, 2013, 1, 9600),
(57, 57, 2013, 1, 6800),
(58, 58, 2013, 1, 9650),
(59, 59, 2013, 1, 9650),
(60, 60, 2013, 1, 6900),
(61, 61, 2013, 1, 9650),
(62, 62, 2013, 1, 8350),
(63, 63, 2013, 1, 6800),
(64, 64, 2013, 1, 8400),
(65, 65, 2013, 1, 0),
(66, 1, 2013, 2, 9050),
(67, 2, 2013, 2, 8450),
(68, 3, 2013, 2, 9650),
(69, 4, 2013, 2, 9650),
(70, 5, 2013, 2, 9650),
(71, 6, 2013, 2, 5650),
(72, 7, 2013, 2, 9650),
(73, 8, 2013, 2, 9600),
(74, 9, 2013, 2, 6800),
(75, 10, 2013, 2, 10900),
(76, 11, 2013, 2, 8400),
(77, 12, 2013, 2, 6900),
(78, 13, 2013, 2, 10900),
(79, 14, 2013, 2, 9600),
(80, 15, 2013, 2, 6800),
(81, 16, 2013, 2, 9650),
(82, 17, 2013, 2, 8400),
(83, 18, 2013, 2, 6900),
(84, 19, 2013, 2, 9650),
(85, 20, 2013, 2, 9600),
(86, 21, 2013, 2, 6800),
(87, 22, 2013, 2, 9650),
(88, 23, 2013, 2, 9650),
(89, 24, 2013, 2, 5650),
(90, 25, 2013, 2, 8400),
(91, 26, 2013, 2, 10850),
(92, 27, 2013, 2, 5550),
(93, 28, 2013, 2, 10900),
(94, 29, 2013, 2, 10900),
(95, 30, 2013, 2, 6900),
(96, 31, 2013, 2, 10900),
(97, 32, 2013, 2, 8350),
(98, 33, 2013, 2, 5550),
(99, 34, 2013, 2, 8400),
(100, 35, 2013, 2, 8400),
(101, 36, 2013, 2, 5650),
(102, 37, 2013, 2, 8400),
(103, 38, 2013, 2, 9600),
(104, 39, 2013, 2, 5550),
(105, 40, 2013, 2, 9650),
(106, 41, 2013, 2, 9650),
(107, 42, 2013, 2, 5650),
(108, 43, 2013, 2, 10900),
(109, 44, 2013, 2, 10850),
(110, 45, 2013, 2, 5550),
(111, 46, 2013, 2, 9650),
(112, 47, 2013, 2, 9650),
(113, 48, 2013, 2, 5650),
(114, 49, 2013, 2, 9650),
(115, 50, 2013, 2, 10850),
(116, 51, 2013, 2, 5550),
(117, 52, 2013, 2, 8400),
(118, 53, 2013, 2, 9650),
(119, 54, 2013, 2, 6900),
(120, 55, 2013, 2, 9650),
(121, 56, 2013, 2, 9600),
(122, 57, 2013, 2, 6800),
(123, 58, 2013, 2, 9650),
(124, 59, 2013, 2, 9650),
(125, 60, 2013, 2, 6900),
(126, 61, 2013, 2, 9650),
(127, 62, 2013, 2, 8350),
(128, 63, 2013, 2, 6800),
(129, 64, 2013, 2, 8400),
(130, 65, 2013, 2, 0),
(131, 1, 2013, 3, 9050),
(132, 2, 2013, 3, 8450),
(133, 3, 2013, 3, 9650),
(134, 4, 2013, 3, 9650),
(135, 5, 2013, 3, 9650),
(136, 6, 2013, 3, 5650),
(137, 7, 2013, 3, 9650),
(138, 8, 2013, 3, 9600),
(139, 9, 2013, 3, 6800),
(140, 10, 2013, 3, 10900),
(141, 11, 2013, 3, 8400),
(142, 12, 2013, 3, 6900),
(143, 13, 2013, 3, 10900),
(144, 14, 2013, 3, 9600),
(145, 15, 2013, 3, 6800),
(146, 16, 2013, 3, 9650),
(147, 17, 2013, 3, 8400),
(148, 18, 2013, 3, 6900),
(149, 19, 2013, 3, 9650),
(150, 20, 2013, 3, 9600),
(151, 21, 2013, 3, 6800),
(152, 22, 2013, 3, 9650),
(153, 23, 2013, 3, 9650),
(154, 24, 2013, 3, 5650),
(155, 25, 2013, 3, 8400),
(156, 26, 2013, 3, 10850),
(157, 27, 2013, 3, 5550),
(158, 28, 2013, 3, 10900),
(159, 29, 2013, 3, 10900),
(160, 30, 2013, 3, 6900),
(161, 31, 2013, 3, 10900),
(162, 32, 2013, 3, 8350),
(163, 33, 2013, 3, 5550),
(164, 34, 2013, 3, 8400),
(165, 35, 2013, 3, 8400),
(166, 36, 2013, 3, 5650),
(167, 37, 2013, 3, 8400),
(168, 38, 2013, 3, 9600),
(169, 39, 2013, 3, 5550),
(170, 40, 2013, 3, 9650),
(171, 41, 2013, 3, 9650),
(172, 42, 2013, 3, 5650),
(173, 43, 2013, 3, 10900),
(174, 44, 2013, 3, 10850),
(175, 45, 2013, 3, 5550),
(176, 46, 2013, 3, 9650),
(177, 47, 2013, 3, 9650),
(178, 48, 2013, 3, 5650),
(179, 49, 2013, 3, 9650),
(180, 50, 2013, 3, 10850),
(181, 51, 2013, 3, 5550),
(182, 52, 2013, 3, 8400),
(183, 53, 2013, 3, 9650),
(184, 54, 2013, 3, 6900),
(185, 55, 2013, 3, 9650),
(186, 56, 2013, 3, 9600),
(187, 57, 2013, 3, 6800),
(188, 58, 2013, 3, 9650),
(189, 59, 2013, 3, 9650),
(190, 60, 2013, 3, 6900),
(191, 61, 2013, 3, 9650),
(192, 62, 2013, 3, 8350),
(193, 63, 2013, 3, 6800),
(194, 64, 2013, 3, 8400),
(195, 65, 2013, 3, 0),
(196, 1, 2013, 4, 9050),
(197, 2, 2013, 4, 8450),
(198, 3, 2013, 4, 9650),
(199, 4, 2013, 4, 9650),
(200, 5, 2013, 4, 9650),
(201, 6, 2013, 4, 5650),
(202, 7, 2013, 4, 9650),
(203, 8, 2013, 4, 9600),
(204, 9, 2013, 4, 6800),
(205, 10, 2013, 4, 10900),
(206, 11, 2013, 4, 8400),
(207, 12, 2013, 4, 6900),
(208, 13, 2013, 4, 10900),
(209, 14, 2013, 4, 9600),
(210, 15, 2013, 4, 6800),
(211, 16, 2013, 4, 9650),
(212, 17, 2013, 4, 8400),
(213, 18, 2013, 4, 6900),
(214, 19, 2013, 4, 9650),
(215, 20, 2013, 4, 9600),
(216, 21, 2013, 4, 6800),
(217, 22, 2013, 4, 9650),
(218, 23, 2013, 4, 9650),
(219, 24, 2013, 4, 5650),
(220, 25, 2013, 4, 8400),
(221, 26, 2013, 4, 10850),
(222, 27, 2013, 4, 5550),
(223, 28, 2013, 4, 10900),
(224, 29, 2013, 4, 10900),
(225, 30, 2013, 4, 6900),
(226, 31, 2013, 4, 10900),
(227, 32, 2013, 4, 8350),
(228, 33, 2013, 4, 5550),
(229, 34, 2013, 4, 8400),
(230, 35, 2013, 4, 8400),
(231, 36, 2013, 4, 5650),
(232, 37, 2013, 4, 8400),
(233, 38, 2013, 4, 9600),
(234, 39, 2013, 4, 5550),
(235, 40, 2013, 4, 9650),
(236, 41, 2013, 4, 9650),
(237, 42, 2013, 4, 5650),
(238, 43, 2013, 4, 10900),
(239, 44, 2013, 4, 10850),
(240, 45, 2013, 4, 5550),
(241, 46, 2013, 4, 9650),
(242, 47, 2013, 4, 9650),
(243, 48, 2013, 4, 5650),
(244, 49, 2013, 4, 9650),
(245, 50, 2013, 4, 10850),
(246, 51, 2013, 4, 5550),
(247, 52, 2013, 4, 8400),
(248, 53, 2013, 4, 9650),
(249, 54, 2013, 4, 6900),
(250, 55, 2013, 4, 9650),
(251, 56, 2013, 4, 9600),
(252, 57, 2013, 4, 6800),
(253, 58, 2013, 4, 9650),
(254, 59, 2013, 4, 9650),
(255, 60, 2013, 4, 6900),
(256, 61, 2013, 4, 9650),
(257, 62, 2013, 4, 8350),
(258, 63, 2013, 4, 6800),
(259, 64, 2013, 4, 8400),
(260, 65, 2013, 4, 0),
(261, 1, 2013, 5, 9050),
(262, 2, 2013, 5, 8450),
(263, 3, 2013, 5, 9650),
(264, 4, 2013, 5, 9650),
(265, 5, 2013, 5, 9650),
(266, 6, 2013, 5, 5650),
(267, 7, 2013, 5, 9650),
(268, 8, 2013, 5, 9600),
(269, 9, 2013, 5, 6800),
(270, 10, 2013, 5, 10900),
(271, 11, 2013, 5, 8400),
(272, 12, 2013, 5, 6900),
(273, 13, 2013, 5, 10900),
(274, 14, 2013, 5, 9600),
(275, 15, 2013, 5, 6800),
(276, 16, 2013, 5, 9650),
(277, 17, 2013, 5, 8400),
(278, 18, 2013, 5, 6900),
(279, 19, 2013, 5, 9650),
(280, 20, 2013, 5, 9600),
(281, 21, 2013, 5, 6800),
(282, 22, 2013, 5, 9650),
(283, 23, 2013, 5, 9650),
(284, 24, 2013, 5, 5650),
(285, 25, 2013, 5, 8400),
(286, 26, 2013, 5, 10850),
(287, 27, 2013, 5, 5550),
(288, 28, 2013, 5, 10900),
(289, 29, 2013, 5, 10900),
(290, 30, 2013, 5, 6900),
(291, 31, 2013, 5, 10900),
(292, 32, 2013, 5, 8350),
(293, 33, 2013, 5, 5550),
(294, 34, 2013, 5, 8400),
(295, 35, 2013, 5, 8400),
(296, 36, 2013, 5, 5650),
(297, 37, 2013, 5, 8400),
(298, 38, 2013, 5, 9600),
(299, 39, 2013, 5, 5550),
(300, 40, 2013, 5, 9650),
(301, 41, 2013, 5, 9650),
(302, 42, 2013, 5, 5650),
(303, 43, 2013, 5, 10900),
(304, 44, 2013, 5, 10850),
(305, 45, 2013, 5, 5550),
(306, 46, 2013, 5, 9650),
(307, 47, 2013, 5, 9650),
(308, 48, 2013, 5, 5650),
(309, 49, 2013, 5, 9650),
(310, 50, 2013, 5, 10850),
(311, 51, 2013, 5, 5550),
(312, 52, 2013, 5, 8400),
(313, 53, 2013, 5, 9650),
(314, 54, 2013, 5, 6900),
(315, 55, 2013, 5, 9650),
(316, 56, 2013, 5, 9600),
(317, 57, 2013, 5, 6800),
(318, 58, 2013, 5, 9650),
(319, 59, 2013, 5, 9650),
(320, 60, 2013, 5, 6900),
(321, 61, 2013, 5, 9650),
(322, 62, 2013, 5, 8350),
(323, 63, 2013, 5, 6800),
(324, 64, 2013, 5, 8400),
(325, 65, 2013, 5, 0),
(326, 1, 2013, 6, 9050),
(327, 2, 2013, 6, 8450),
(328, 3, 2013, 6, 9650),
(329, 4, 2013, 6, 9650),
(330, 5, 2013, 6, 9650),
(331, 6, 2013, 6, 5650),
(332, 7, 2013, 6, 9650),
(333, 8, 2013, 6, 9600),
(334, 9, 2013, 6, 6800),
(335, 10, 2013, 6, 10900),
(336, 11, 2013, 6, 8400),
(337, 12, 2013, 6, 6900),
(338, 13, 2013, 6, 10900),
(339, 14, 2013, 6, 9600),
(340, 15, 2013, 6, 6800),
(341, 16, 2013, 6, 9650),
(342, 17, 2013, 6, 8400),
(343, 18, 2013, 6, 6900),
(344, 19, 2013, 6, 9650),
(345, 20, 2013, 6, 9600),
(346, 21, 2013, 6, 6800),
(347, 22, 2013, 6, 9650),
(348, 23, 2013, 6, 9650),
(349, 24, 2013, 6, 5650),
(350, 25, 2013, 6, 8400),
(351, 26, 2013, 6, 10850),
(352, 27, 2013, 6, 5550),
(353, 28, 2013, 6, 10900),
(354, 29, 2013, 6, 10900),
(355, 30, 2013, 6, 6900),
(356, 31, 2013, 6, 10900),
(357, 32, 2013, 6, 8350),
(358, 33, 2013, 6, 5550),
(359, 34, 2013, 6, 8400),
(360, 35, 2013, 6, 8400),
(361, 36, 2013, 6, 5650),
(362, 37, 2013, 6, 8400),
(363, 38, 2013, 6, 9600),
(364, 39, 2013, 6, 5550),
(365, 40, 2013, 6, 9650),
(366, 41, 2013, 6, 9650),
(367, 42, 2013, 6, 5650),
(368, 43, 2013, 6, 10900),
(369, 44, 2013, 6, 10850),
(370, 45, 2013, 6, 5550),
(371, 46, 2013, 6, 9650),
(372, 47, 2013, 6, 9650),
(373, 48, 2013, 6, 5650),
(374, 49, 2013, 6, 9650),
(375, 50, 2013, 6, 10850),
(376, 51, 2013, 6, 5550),
(377, 52, 2013, 6, 8400),
(378, 53, 2013, 6, 9650),
(379, 54, 2013, 6, 6900),
(380, 55, 2013, 6, 9650),
(381, 56, 2013, 6, 9600),
(382, 57, 2013, 6, 6800),
(383, 58, 2013, 6, 9650),
(384, 59, 2013, 6, 9650),
(385, 60, 2013, 6, 6900),
(386, 61, 2013, 6, 9650),
(387, 62, 2013, 6, 8350),
(388, 63, 2013, 6, 6800),
(389, 64, 2013, 6, 8400),
(390, 65, 2013, 6, 0),
(391, 1, 2013, 7, 9050),
(392, 2, 2013, 7, 8450),
(393, 3, 2013, 7, 9650),
(394, 4, 2013, 7, 9650),
(395, 5, 2013, 7, 9650),
(396, 6, 2013, 7, 5650),
(397, 7, 2013, 7, 9650),
(398, 8, 2013, 7, 9600),
(399, 9, 2013, 7, 6800),
(400, 10, 2013, 7, 10900),
(401, 11, 2013, 7, 8400),
(402, 12, 2013, 7, 6900),
(403, 13, 2013, 7, 10900),
(404, 14, 2013, 7, 9600),
(405, 15, 2013, 7, 6800),
(406, 16, 2013, 7, 9650),
(407, 17, 2013, 7, 8400),
(408, 18, 2013, 7, 6900),
(409, 19, 2013, 7, 9650),
(410, 20, 2013, 7, 9600),
(411, 21, 2013, 7, 6800),
(412, 22, 2013, 7, 9650),
(413, 23, 2013, 7, 9650),
(414, 24, 2013, 7, 5650),
(415, 25, 2013, 7, 8400),
(416, 26, 2013, 7, 10850),
(417, 27, 2013, 7, 5550),
(418, 28, 2013, 7, 10900),
(419, 29, 2013, 7, 10900),
(420, 30, 2013, 7, 6900),
(421, 31, 2013, 7, 10900),
(422, 32, 2013, 7, 8350),
(423, 33, 2013, 7, 5550),
(424, 34, 2013, 7, 8400),
(425, 35, 2013, 7, 8400),
(426, 36, 2013, 7, 5650),
(427, 37, 2013, 7, 8400),
(428, 38, 2013, 7, 9600),
(429, 39, 2013, 7, 5550),
(430, 40, 2013, 7, 9650),
(431, 41, 2013, 7, 9650),
(432, 42, 2013, 7, 5650),
(433, 43, 2013, 7, 10900),
(434, 44, 2013, 7, 10850),
(435, 45, 2013, 7, 5550),
(436, 46, 2013, 7, 9650),
(437, 47, 2013, 7, 9650),
(438, 48, 2013, 7, 5650),
(439, 49, 2013, 7, 9650),
(440, 50, 2013, 7, 10850),
(441, 51, 2013, 7, 5550),
(442, 52, 2013, 7, 8400),
(443, 53, 2013, 7, 9650),
(444, 54, 2013, 7, 6900),
(445, 55, 2013, 7, 9650),
(446, 56, 2013, 7, 9600),
(447, 57, 2013, 7, 6800),
(448, 58, 2013, 7, 9650),
(449, 59, 2013, 7, 9650),
(450, 60, 2013, 7, 6900),
(451, 61, 2013, 7, 9650),
(452, 62, 2013, 7, 8350),
(453, 63, 2013, 7, 6800),
(454, 64, 2013, 7, 8400),
(455, 65, 2013, 7, 0),
(456, 1, 2013, 8, 9050),
(457, 2, 2013, 8, 8450),
(458, 3, 2013, 8, 9650),
(459, 4, 2013, 8, 9650),
(460, 5, 2013, 8, 9650),
(461, 6, 2013, 8, 5650),
(462, 7, 2013, 8, 9650),
(463, 8, 2013, 8, 9600),
(464, 9, 2013, 8, 6800),
(465, 10, 2013, 8, 10900),
(466, 11, 2013, 8, 8400),
(467, 12, 2013, 8, 6900),
(468, 13, 2013, 8, 10900),
(469, 14, 2013, 8, 9600),
(470, 15, 2013, 8, 6800),
(471, 16, 2013, 8, 9650),
(472, 17, 2013, 8, 8400),
(473, 18, 2013, 8, 6900),
(474, 19, 2013, 8, 9650),
(475, 20, 2013, 8, 9600),
(476, 21, 2013, 8, 6800),
(477, 22, 2013, 8, 9650),
(478, 23, 2013, 8, 9650),
(479, 24, 2013, 8, 5650),
(480, 25, 2013, 8, 8400),
(481, 26, 2013, 8, 10850),
(482, 27, 2013, 8, 5550),
(483, 28, 2013, 8, 10900),
(484, 29, 2013, 8, 10900),
(485, 30, 2013, 8, 6900),
(486, 31, 2013, 8, 10900),
(487, 32, 2013, 8, 8350),
(488, 33, 2013, 8, 5550),
(489, 34, 2013, 8, 8400),
(490, 35, 2013, 8, 8400),
(491, 36, 2013, 8, 5650),
(492, 37, 2013, 8, 8400),
(493, 38, 2013, 8, 9600),
(494, 39, 2013, 8, 5550),
(495, 40, 2013, 8, 9650),
(496, 41, 2013, 8, 9650),
(497, 42, 2013, 8, 5650),
(498, 43, 2013, 8, 10900),
(499, 44, 2013, 8, 10850),
(500, 45, 2013, 8, 5550),
(501, 46, 2013, 8, 9650),
(502, 47, 2013, 8, 9650),
(503, 48, 2013, 8, 5650),
(504, 49, 2013, 8, 9650),
(505, 50, 2013, 8, 10850),
(506, 51, 2013, 8, 5550),
(507, 52, 2013, 8, 8400),
(508, 53, 2013, 8, 9650),
(509, 54, 2013, 8, 6900),
(510, 55, 2013, 8, 9650),
(511, 56, 2013, 8, 9600),
(512, 57, 2013, 8, 6800),
(513, 58, 2013, 8, 9650),
(514, 59, 2013, 8, 9650),
(515, 60, 2013, 8, 6900),
(516, 61, 2013, 8, 9650),
(517, 62, 2013, 8, 8350),
(518, 63, 2013, 8, 6800),
(519, 64, 2013, 8, 8400),
(520, 65, 2013, 8, 0),
(521, 1, 2013, 9, 9050),
(522, 2, 2013, 9, 8450),
(523, 3, 2013, 9, 9650),
(524, 4, 2013, 9, 9650),
(525, 5, 2013, 9, 9650),
(526, 6, 2013, 9, 5650),
(527, 7, 2013, 9, 9650),
(528, 8, 2013, 9, 9600),
(529, 9, 2013, 9, 6800),
(530, 10, 2013, 9, 10900),
(531, 11, 2013, 9, 8400),
(532, 12, 2013, 9, 6900),
(533, 13, 2013, 9, 10900),
(534, 14, 2013, 9, 9600),
(535, 15, 2013, 9, 6800),
(536, 16, 2013, 9, 9650),
(537, 17, 2013, 9, 8400),
(538, 18, 2013, 9, 6900),
(539, 19, 2013, 9, 9650),
(540, 20, 2013, 9, 9600),
(541, 21, 2013, 9, 6800),
(542, 22, 2013, 9, 9650),
(543, 23, 2013, 9, 9650),
(544, 24, 2013, 9, 5650),
(545, 25, 2013, 9, 8400),
(546, 26, 2013, 9, 10850),
(547, 27, 2013, 9, 5550),
(548, 28, 2013, 9, 10900),
(549, 29, 2013, 9, 10900),
(550, 30, 2013, 9, 6900),
(551, 31, 2013, 9, 10900),
(552, 32, 2013, 9, 8350),
(553, 33, 2013, 9, 5550),
(554, 34, 2013, 9, 8400),
(555, 35, 2013, 9, 8400),
(556, 36, 2013, 9, 5650),
(557, 37, 2013, 9, 8400),
(558, 38, 2013, 9, 9600),
(559, 39, 2013, 9, 5550),
(560, 40, 2013, 9, 9650),
(561, 41, 2013, 9, 9650),
(562, 42, 2013, 9, 5650),
(563, 43, 2013, 9, 10900),
(564, 44, 2013, 9, 10850),
(565, 45, 2013, 9, 5550),
(566, 46, 2013, 9, 9650),
(567, 47, 2013, 9, 9650),
(568, 48, 2013, 9, 5650),
(569, 49, 2013, 9, 9650),
(570, 50, 2013, 9, 10850),
(571, 51, 2013, 9, 5550),
(572, 52, 2013, 9, 8400),
(573, 53, 2013, 9, 9650),
(574, 54, 2013, 9, 6900),
(575, 55, 2013, 9, 9650),
(576, 56, 2013, 9, 9600),
(577, 57, 2013, 9, 6800),
(578, 58, 2013, 9, 9650),
(579, 59, 2013, 9, 9650),
(580, 60, 2013, 9, 6900),
(581, 61, 2013, 9, 9650),
(582, 62, 2013, 9, 8350),
(583, 63, 2013, 9, 6800),
(584, 64, 2013, 9, 8400),
(585, 65, 2013, 9, 0),
(586, 1, 2013, 10, 9050),
(587, 2, 2013, 10, 8450),
(588, 3, 2013, 10, 9650),
(589, 4, 2013, 10, 9650),
(590, 5, 2013, 10, 9650),
(591, 6, 2013, 10, 5650),
(592, 7, 2013, 10, 9650),
(593, 8, 2013, 10, 9600),
(594, 9, 2013, 10, 6800),
(595, 10, 2013, 10, 10900),
(596, 11, 2013, 10, 8400),
(597, 12, 2013, 10, 6900),
(598, 13, 2013, 10, 10900),
(599, 14, 2013, 10, 9600),
(600, 15, 2013, 10, 6800),
(601, 16, 2013, 10, 9650),
(602, 17, 2013, 10, 8400),
(603, 18, 2013, 10, 6900),
(604, 19, 2013, 10, 9650),
(605, 20, 2013, 10, 9600),
(606, 21, 2013, 10, 6800),
(607, 22, 2013, 10, 9650),
(608, 23, 2013, 10, 9650),
(609, 24, 2013, 10, 5650),
(610, 25, 2013, 10, 8400),
(611, 26, 2013, 10, 10850),
(612, 27, 2013, 10, 5550),
(613, 28, 2013, 10, 10900),
(614, 29, 2013, 10, 10900),
(615, 30, 2013, 10, 6900),
(616, 31, 2013, 10, 10900),
(617, 32, 2013, 10, 8350),
(618, 33, 2013, 10, 5550),
(619, 34, 2013, 10, 8400),
(620, 35, 2013, 10, 8400),
(621, 36, 2013, 10, 5650),
(622, 37, 2013, 10, 8400),
(623, 38, 2013, 10, 9600),
(624, 39, 2013, 10, 5550),
(625, 40, 2013, 10, 9650),
(626, 41, 2013, 10, 9650),
(627, 42, 2013, 10, 5650),
(628, 43, 2013, 10, 10900),
(629, 44, 2013, 10, 10850),
(630, 45, 2013, 10, 5550),
(631, 46, 2013, 10, 9650),
(632, 47, 2013, 10, 9650),
(633, 48, 2013, 10, 5650),
(634, 49, 2013, 10, 9650),
(635, 50, 2013, 10, 10850),
(636, 51, 2013, 10, 5550),
(637, 52, 2013, 10, 8400),
(638, 53, 2013, 10, 9650),
(639, 54, 2013, 10, 6900),
(640, 55, 2013, 10, 9650),
(641, 56, 2013, 10, 9600),
(642, 57, 2013, 10, 6800),
(643, 58, 2013, 10, 9650),
(644, 59, 2013, 10, 9650),
(645, 60, 2013, 10, 6900),
(646, 61, 2013, 10, 9650),
(647, 62, 2013, 10, 8350),
(648, 63, 2013, 10, 6800),
(649, 64, 2013, 10, 8400),
(650, 65, 2013, 10, 0),
(651, 1, 2013, 11, 9050),
(652, 2, 2013, 11, 8450),
(653, 3, 2013, 11, 9650),
(654, 4, 2013, 11, 9650),
(655, 5, 2013, 11, 9650),
(656, 6, 2013, 11, 5650),
(657, 7, 2013, 11, 9650),
(658, 8, 2013, 11, 9600),
(659, 9, 2013, 11, 6800),
(660, 10, 2013, 11, 10900),
(661, 11, 2013, 11, 8400),
(662, 12, 2013, 11, 6900),
(663, 13, 2013, 11, 10900),
(664, 14, 2013, 11, 9600),
(665, 15, 2013, 11, 6800),
(666, 16, 2013, 11, 9650),
(667, 17, 2013, 11, 8400),
(668, 18, 2013, 11, 6900),
(669, 19, 2013, 11, 9650),
(670, 20, 2013, 11, 9600),
(671, 21, 2013, 11, 6800),
(672, 22, 2013, 11, 9650),
(673, 23, 2013, 11, 9650),
(674, 24, 2013, 11, 5650),
(675, 25, 2013, 11, 8400),
(676, 26, 2013, 11, 10850),
(677, 27, 2013, 11, 5550),
(678, 28, 2013, 11, 10900),
(679, 29, 2013, 11, 10900),
(680, 30, 2013, 11, 6900),
(681, 31, 2013, 11, 10900),
(682, 32, 2013, 11, 8350),
(683, 33, 2013, 11, 5550),
(684, 34, 2013, 11, 8400),
(685, 35, 2013, 11, 8400),
(686, 36, 2013, 11, 5650),
(687, 37, 2013, 11, 8400),
(688, 38, 2013, 11, 9600),
(689, 39, 2013, 11, 5550),
(690, 40, 2013, 11, 9650),
(691, 41, 2013, 11, 9650),
(692, 42, 2013, 11, 5650),
(693, 43, 2013, 11, 10900),
(694, 44, 2013, 11, 10850),
(695, 45, 2013, 11, 5550),
(696, 46, 2013, 11, 9650),
(697, 47, 2013, 11, 9650),
(698, 48, 2013, 11, 5650),
(699, 49, 2013, 11, 9650),
(700, 50, 2013, 11, 10850),
(701, 51, 2013, 11, 5550),
(702, 52, 2013, 11, 8400),
(703, 53, 2013, 11, 9650),
(704, 54, 2013, 11, 6900),
(705, 55, 2013, 11, 9650),
(706, 56, 2013, 11, 9600),
(707, 57, 2013, 11, 6800),
(708, 58, 2013, 11, 9650),
(709, 59, 2013, 11, 9650),
(710, 60, 2013, 11, 6900),
(711, 61, 2013, 11, 9650),
(712, 62, 2013, 11, 8350),
(713, 63, 2013, 11, 6800),
(714, 64, 2013, 11, 8400),
(715, 65, 2013, 11, 0),
(716, 1, 2013, 12, 9050),
(717, 2, 2013, 12, 8450),
(718, 3, 2013, 12, 9650),
(719, 4, 2013, 12, 9650),
(720, 5, 2013, 12, 9650),
(721, 6, 2013, 12, 5650),
(722, 7, 2013, 12, 9650),
(723, 8, 2013, 12, 9600),
(724, 9, 2013, 12, 6800),
(725, 10, 2013, 12, 10900),
(726, 11, 2013, 12, 8400),
(727, 12, 2013, 12, 6900),
(728, 13, 2013, 12, 10900),
(729, 14, 2013, 12, 9600),
(730, 15, 2013, 12, 6800),
(731, 16, 2013, 12, 9650),
(732, 17, 2013, 12, 8400),
(733, 18, 2013, 12, 6900),
(734, 19, 2013, 12, 9650),
(735, 20, 2013, 12, 9600),
(736, 21, 2013, 12, 6800),
(737, 22, 2013, 12, 9650),
(738, 23, 2013, 12, 9650),
(739, 24, 2013, 12, 5650),
(740, 25, 2013, 12, 8400),
(741, 26, 2013, 12, 10850),
(742, 27, 2013, 12, 5550),
(743, 28, 2013, 12, 10900),
(744, 29, 2013, 12, 10900),
(745, 30, 2013, 12, 6900),
(746, 31, 2013, 12, 10900),
(747, 32, 2013, 12, 8350),
(748, 33, 2013, 12, 5550),
(749, 34, 2013, 12, 8400),
(750, 35, 2013, 12, 8400),
(751, 36, 2013, 12, 5650),
(752, 37, 2013, 12, 8400),
(753, 38, 2013, 12, 9600),
(754, 39, 2013, 12, 5550),
(755, 40, 2013, 12, 9650),
(756, 41, 2013, 12, 9650),
(757, 42, 2013, 12, 5650),
(758, 43, 2013, 12, 10900),
(759, 44, 2013, 12, 10850),
(760, 45, 2013, 12, 5550),
(761, 46, 2013, 12, 9650),
(762, 47, 2013, 12, 9650),
(763, 48, 2013, 12, 5650),
(764, 49, 2013, 12, 9650),
(765, 50, 2013, 12, 10850),
(766, 51, 2013, 12, 5550),
(767, 52, 2013, 12, 8400),
(768, 53, 2013, 12, 9650),
(769, 54, 2013, 12, 6900),
(770, 55, 2013, 12, 9650),
(771, 56, 2013, 12, 9600),
(772, 57, 2013, 12, 6800),
(773, 58, 2013, 12, 9650),
(774, 59, 2013, 12, 9650),
(775, 60, 2013, 12, 6900),
(776, 61, 2013, 12, 9650),
(777, 62, 2013, 12, 8350),
(778, 63, 2013, 12, 6800),
(779, 64, 2013, 12, 8400),
(780, 65, 2013, 12, 0),
(781, 1, 2014, 1, 9050),
(782, 2, 2014, 1, 8450),
(783, 3, 2014, 1, 9650),
(784, 4, 2014, 1, 9650),
(785, 5, 2014, 1, 9650),
(786, 6, 2014, 1, 5650),
(787, 7, 2014, 1, 9650),
(788, 8, 2014, 1, 9600),
(789, 9, 2014, 1, 6800),
(790, 10, 2014, 1, 10900),
(791, 11, 2014, 1, 8400),
(792, 12, 2014, 1, 6900),
(793, 13, 2014, 1, 10900),
(794, 14, 2014, 1, 9600),
(795, 15, 2014, 1, 6800),
(796, 16, 2014, 1, 9650),
(797, 17, 2014, 1, 8400),
(798, 18, 2014, 1, 6900),
(799, 19, 2014, 1, 9650),
(800, 20, 2014, 1, 9600),
(801, 21, 2014, 1, 6800),
(802, 22, 2014, 1, 9650),
(803, 23, 2014, 1, 9650),
(804, 24, 2014, 1, 5650),
(805, 25, 2014, 1, 8400),
(806, 26, 2014, 1, 10850),
(807, 27, 2014, 1, 5550),
(808, 28, 2014, 1, 10900),
(809, 29, 2014, 1, 10900),
(810, 30, 2014, 1, 6900),
(811, 31, 2014, 1, 10900),
(812, 32, 2014, 1, 8350),
(813, 33, 2014, 1, 5550),
(814, 34, 2014, 1, 8400),
(815, 35, 2014, 1, 8400),
(816, 36, 2014, 1, 5650),
(817, 37, 2014, 1, 8400),
(818, 38, 2014, 1, 9600),
(819, 39, 2014, 1, 5550),
(820, 40, 2014, 1, 9650),
(821, 41, 2014, 1, 9650),
(822, 42, 2014, 1, 5650),
(823, 43, 2014, 1, 10900),
(824, 44, 2014, 1, 10850),
(825, 45, 2014, 1, 5550),
(826, 46, 2014, 1, 9650),
(827, 47, 2014, 1, 9650),
(828, 48, 2014, 1, 5650),
(829, 49, 2014, 1, 9650),
(830, 50, 2014, 1, 10850),
(831, 51, 2014, 1, 5550),
(832, 52, 2014, 1, 8400),
(833, 53, 2014, 1, 9650),
(834, 54, 2014, 1, 6900),
(835, 55, 2014, 1, 9650),
(836, 56, 2014, 1, 9600),
(837, 57, 2014, 1, 6800),
(838, 58, 2014, 1, 9650),
(839, 59, 2014, 1, 9650),
(840, 60, 2014, 1, 6900),
(841, 61, 2014, 1, 9650),
(842, 62, 2014, 1, 8350),
(843, 63, 2014, 1, 6800),
(844, 64, 2014, 1, 8400),
(845, 65, 2014, 1, 0),
(846, 1, 2014, 2, 9050),
(847, 2, 2014, 2, 8450),
(848, 3, 2014, 2, 9650),
(849, 4, 2014, 2, 9650),
(850, 5, 2014, 2, 9650),
(851, 6, 2014, 2, 5650),
(852, 7, 2014, 2, 9650),
(853, 8, 2014, 2, 9600),
(854, 9, 2014, 2, 6800),
(855, 10, 2014, 2, 10900),
(856, 11, 2014, 2, 8400),
(857, 12, 2014, 2, 6900),
(858, 13, 2014, 2, 10900),
(859, 14, 2014, 2, 9600),
(860, 15, 2014, 2, 6800),
(861, 16, 2014, 2, 9650),
(862, 17, 2014, 2, 8400),
(863, 18, 2014, 2, 6900),
(864, 19, 2014, 2, 9650),
(865, 20, 2014, 2, 9600),
(866, 21, 2014, 2, 6800),
(867, 22, 2014, 2, 9650),
(868, 23, 2014, 2, 9650),
(869, 24, 2014, 2, 5650),
(870, 25, 2014, 2, 8400),
(871, 26, 2014, 2, 10850),
(872, 27, 2014, 2, 5550),
(873, 28, 2014, 2, 10900),
(874, 29, 2014, 2, 10900),
(875, 30, 2014, 2, 6900),
(876, 31, 2014, 2, 10900),
(877, 32, 2014, 2, 8350),
(878, 33, 2014, 2, 5550),
(879, 34, 2014, 2, 8400),
(880, 35, 2014, 2, 8400),
(881, 36, 2014, 2, 5650),
(882, 37, 2014, 2, 8400),
(883, 38, 2014, 2, 9600),
(884, 39, 2014, 2, 5550),
(885, 40, 2014, 2, 9650),
(886, 41, 2014, 2, 9650),
(887, 42, 2014, 2, 5650),
(888, 43, 2014, 2, 10900),
(889, 44, 2014, 2, 10850),
(890, 45, 2014, 2, 5550),
(891, 46, 2014, 2, 10900),
(892, 47, 2014, 2, 9650),
(893, 48, 2014, 2, 5650),
(894, 49, 2014, 2, 9650),
(895, 50, 2014, 2, 10850),
(896, 51, 2014, 2, 5550),
(897, 52, 2014, 2, 8400),
(898, 53, 2014, 2, 9650),
(899, 54, 2014, 2, 6900),
(900, 55, 2014, 2, 9650),
(901, 56, 2014, 2, 9600),
(902, 57, 2014, 2, 6800),
(903, 58, 2014, 2, 9650),
(904, 59, 2014, 2, 9650),
(905, 60, 2014, 2, 6900),
(906, 61, 2014, 2, 9650),
(907, 62, 2014, 2, 8350),
(908, 63, 2014, 2, 6800),
(909, 64, 2014, 2, 8400),
(910, 65, 2014, 2, 0),
(911, 1, 2014, 3, 9050),
(912, 2, 2014, 3, 8450),
(913, 3, 2014, 3, 9650),
(914, 4, 2014, 3, 9650),
(915, 5, 2014, 3, 9650),
(916, 6, 2014, 3, 5650),
(917, 7, 2014, 3, 9650),
(918, 8, 2014, 3, 9600),
(919, 9, 2014, 3, 6800),
(920, 10, 2014, 3, 10900),
(921, 11, 2014, 3, 8400),
(922, 12, 2014, 3, 6900),
(923, 13, 2014, 3, 10900),
(924, 14, 2014, 3, 9600),
(925, 15, 2014, 3, 6800),
(926, 16, 2014, 3, 9650),
(927, 17, 2014, 3, 8400),
(928, 18, 2014, 3, 6900),
(929, 19, 2014, 3, 9650),
(930, 20, 2014, 3, 9600),
(931, 21, 2014, 3, 6800),
(932, 22, 2014, 3, 9650),
(933, 23, 2014, 3, 9650),
(934, 24, 2014, 3, 5650),
(935, 25, 2014, 3, 8400),
(936, 26, 2014, 3, 10850),
(937, 27, 2014, 3, 5550),
(938, 28, 2014, 3, 10900),
(939, 29, 2014, 3, 10900),
(940, 30, 2014, 3, 6900),
(941, 31, 2014, 3, 10900),
(942, 32, 2014, 3, 8350),
(943, 33, 2014, 3, 5550),
(944, 34, 2014, 3, 8400),
(945, 35, 2014, 3, 8400),
(946, 36, 2014, 3, 5650),
(947, 37, 2014, 3, 8400),
(948, 38, 2014, 3, 9600),
(949, 39, 2014, 3, 5550),
(950, 40, 2014, 3, 9650),
(951, 41, 2014, 3, 9650),
(952, 42, 2014, 3, 5650),
(953, 43, 2014, 3, 10900),
(954, 44, 2014, 3, 10850),
(955, 45, 2014, 3, 5550),
(956, 46, 2014, 3, 10900),
(957, 47, 2014, 3, 9650),
(958, 48, 2014, 3, 5650),
(959, 49, 2014, 3, 9650),
(960, 50, 2014, 3, 10850),
(961, 51, 2014, 3, 5550),
(962, 52, 2014, 3, 8400),
(963, 53, 2014, 3, 9650),
(964, 54, 2014, 3, 6900),
(965, 55, 2014, 3, 9650),
(966, 56, 2014, 3, 9600),
(967, 57, 2014, 3, 6800),
(968, 58, 2014, 3, 9650),
(969, 59, 2014, 3, 9650),
(970, 60, 2014, 3, 6900),
(971, 61, 2014, 3, 9650),
(972, 62, 2014, 3, 8350),
(973, 63, 2014, 3, 6800),
(974, 64, 2014, 3, 8400),
(975, 65, 2014, 3, 0),
(976, 1, 2014, 4, 9050),
(977, 2, 2014, 4, 8450),
(978, 3, 2014, 4, 9650),
(979, 4, 2014, 4, 9650),
(980, 5, 2014, 4, 9650),
(981, 6, 2014, 4, 5650),
(982, 7, 2014, 4, 9650),
(983, 8, 2014, 4, 9600),
(984, 9, 2014, 4, 6800),
(985, 10, 2014, 4, 10900),
(986, 11, 2014, 4, 8400),
(987, 12, 2014, 4, 6900),
(988, 13, 2014, 4, 10900),
(989, 14, 2014, 4, 9600),
(990, 15, 2014, 4, 6800),
(991, 16, 2014, 4, 9650),
(992, 17, 2014, 4, 8400),
(993, 18, 2014, 4, 6900),
(994, 19, 2014, 4, 9650),
(995, 20, 2014, 4, 9600),
(996, 21, 2014, 4, 6800),
(997, 22, 2014, 4, 9650),
(998, 23, 2014, 4, 9650),
(999, 24, 2014, 4, 5650),
(1000, 25, 2014, 4, 8400),
(1001, 26, 2014, 4, 10850),
(1002, 27, 2014, 4, 5550),
(1003, 28, 2014, 4, 10900),
(1004, 29, 2014, 4, 10900),
(1005, 30, 2014, 4, 6900),
(1006, 31, 2014, 4, 10900),
(1007, 32, 2014, 4, 8350),
(1008, 33, 2014, 4, 5550),
(1009, 34, 2014, 4, 8400),
(1010, 35, 2014, 4, 8400),
(1011, 36, 2014, 4, 5650),
(1012, 37, 2014, 4, 8400),
(1013, 38, 2014, 4, 9600),
(1014, 39, 2014, 4, 5550),
(1015, 40, 2014, 4, 9650),
(1016, 41, 2014, 4, 9650),
(1017, 42, 2014, 4, 5650),
(1018, 43, 2014, 4, 10900),
(1019, 44, 2014, 4, 10850),
(1020, 45, 2014, 4, 5550),
(1021, 46, 2014, 4, 10900),
(1022, 47, 2014, 4, 9650),
(1023, 48, 2014, 4, 5650),
(1024, 49, 2014, 4, 9650),
(1025, 50, 2014, 4, 10850),
(1026, 51, 2014, 4, 5550),
(1027, 52, 2014, 4, 8400),
(1028, 53, 2014, 4, 9650),
(1029, 54, 2014, 4, 6900),
(1030, 55, 2014, 4, 9650),
(1031, 56, 2014, 4, 9600),
(1032, 57, 2014, 4, 6800),
(1033, 58, 2014, 4, 9650),
(1034, 59, 2014, 4, 9650),
(1035, 60, 2014, 4, 6900),
(1036, 61, 2014, 4, 9650),
(1037, 62, 2014, 4, 8350),
(1038, 63, 2014, 4, 6800),
(1039, 64, 2014, 4, 8400),
(1040, 65, 2014, 4, 0),
(1041, 1, 2014, 5, 9050),
(1042, 2, 2014, 5, 8450),
(1043, 3, 2014, 5, 9650),
(1044, 4, 2014, 5, 9650),
(1045, 5, 2014, 5, 9650),
(1046, 6, 2014, 5, 5650),
(1047, 7, 2014, 5, 9650),
(1048, 8, 2014, 5, 9600),
(1049, 9, 2014, 5, 6800),
(1050, 10, 2014, 5, 10900),
(1051, 11, 2014, 5, 8400),
(1052, 12, 2014, 5, 6900),
(1053, 13, 2014, 5, 10900),
(1054, 14, 2014, 5, 9600),
(1055, 15, 2014, 5, 6800),
(1056, 16, 2014, 5, 9650),
(1057, 17, 2014, 5, 8400),
(1058, 18, 2014, 5, 6900),
(1059, 19, 2014, 5, 9650),
(1060, 20, 2014, 5, 9600),
(1061, 21, 2014, 5, 6800),
(1062, 22, 2014, 5, 9650),
(1063, 23, 2014, 5, 9650),
(1064, 24, 2014, 5, 5650),
(1065, 25, 2014, 5, 8400),
(1066, 26, 2014, 5, 10850),
(1067, 27, 2014, 5, 5550),
(1068, 28, 2014, 5, 10900),
(1069, 29, 2014, 5, 10900),
(1070, 30, 2014, 5, 6900),
(1071, 31, 2014, 5, 10900),
(1072, 32, 2014, 5, 8350),
(1073, 33, 2014, 5, 5550),
(1074, 34, 2014, 5, 8400),
(1075, 35, 2014, 5, 8400),
(1076, 36, 2014, 5, 5650),
(1077, 37, 2014, 5, 8400),
(1078, 38, 2014, 5, 9600),
(1079, 39, 2014, 5, 5550),
(1080, 40, 2014, 5, 9650),
(1081, 41, 2014, 5, 9650),
(1082, 42, 2014, 5, 5650),
(1083, 43, 2014, 5, 10900),
(1084, 44, 2014, 5, 10850),
(1085, 45, 2014, 5, 5550),
(1086, 46, 2014, 5, 10900),
(1087, 47, 2014, 5, 9650),
(1088, 48, 2014, 5, 5650),
(1089, 49, 2014, 5, 9650),
(1090, 50, 2014, 5, 10850),
(1091, 51, 2014, 5, 5550),
(1092, 52, 2014, 5, 8400),
(1093, 53, 2014, 5, 9650),
(1094, 54, 2014, 5, 6900),
(1095, 55, 2014, 5, 9650),
(1096, 56, 2014, 5, 9600),
(1097, 57, 2014, 5, 6800),
(1098, 58, 2014, 5, 9650),
(1099, 59, 2014, 5, 9650),
(1100, 60, 2014, 5, 6900),
(1101, 61, 2014, 5, 9650),
(1102, 62, 2014, 5, 8350),
(1103, 63, 2014, 5, 6800),
(1104, 64, 2014, 5, 8400),
(1105, 65, 2014, 5, 0),
(1106, 1, 2014, 6, 9050),
(1107, 2, 2014, 6, 8450),
(1108, 3, 2014, 6, 9650),
(1109, 4, 2014, 6, 9650),
(1110, 5, 2014, 6, 9650),
(1111, 6, 2014, 6, 5650),
(1112, 7, 2014, 6, 9650),
(1113, 8, 2014, 6, 9600),
(1114, 9, 2014, 6, 6800),
(1115, 10, 2014, 6, 10900),
(1116, 11, 2014, 6, 8400),
(1117, 12, 2014, 6, 6900),
(1118, 13, 2014, 6, 10900),
(1119, 14, 2014, 6, 9600),
(1120, 15, 2014, 6, 6800),
(1121, 16, 2014, 6, 9650),
(1122, 17, 2014, 6, 8400),
(1123, 18, 2014, 6, 6900),
(1124, 19, 2014, 6, 9650),
(1125, 20, 2014, 6, 9600),
(1126, 21, 2014, 6, 6800),
(1127, 22, 2014, 6, 9650),
(1128, 23, 2014, 6, 9650),
(1129, 24, 2014, 6, 5650),
(1130, 25, 2014, 6, 8400),
(1131, 26, 2014, 6, 10850),
(1132, 27, 2014, 6, 5550),
(1133, 28, 2014, 6, 10900),
(1134, 29, 2014, 6, 10900),
(1135, 30, 2014, 6, 6900),
(1136, 31, 2014, 6, 10900),
(1137, 32, 2014, 6, 8350),
(1138, 33, 2014, 6, 5550),
(1139, 34, 2014, 6, 8400),
(1140, 35, 2014, 6, 8400),
(1141, 36, 2014, 6, 5650),
(1142, 37, 2014, 6, 8400),
(1143, 38, 2014, 6, 9600),
(1144, 39, 2014, 6, 5550),
(1145, 40, 2014, 6, 9650),
(1146, 41, 2014, 6, 9650),
(1147, 42, 2014, 6, 5650),
(1148, 43, 2014, 6, 10900),
(1149, 44, 2014, 6, 10850),
(1150, 45, 2014, 6, 5550),
(1151, 46, 2014, 6, 10900),
(1152, 47, 2014, 6, 9650),
(1153, 48, 2014, 6, 5650),
(1154, 49, 2014, 6, 9650),
(1155, 50, 2014, 6, 10850),
(1156, 51, 2014, 6, 5550),
(1157, 52, 2014, 6, 8400),
(1158, 53, 2014, 6, 9650),
(1159, 54, 2014, 6, 6900),
(1160, 55, 2014, 6, 9650),
(1161, 56, 2014, 6, 9600),
(1162, 57, 2014, 6, 6800),
(1163, 58, 2014, 6, 9650),
(1164, 59, 2014, 6, 9650),
(1165, 60, 2014, 6, 6900),
(1166, 61, 2014, 6, 9650),
(1167, 62, 2014, 6, 8350),
(1168, 63, 2014, 6, 6800),
(1169, 64, 2014, 6, 8400),
(1170, 65, 2014, 6, 0),
(1171, 1, 2014, 7, 10050),
(1172, 2, 2014, 7, 9750),
(1173, 3, 2014, 7, 10800),
(1174, 4, 2014, 7, 10800),
(1175, 5, 2014, 7, 10800),
(1176, 6, 2014, 7, 6350),
(1177, 7, 2014, 7, 10800),
(1178, 8, 2014, 7, 10750),
(1179, 9, 2014, 7, 7350),
(1180, 10, 2014, 7, 11900),
(1181, 11, 2014, 7, 9700),
(1182, 12, 2014, 7, 7450),
(1183, 13, 2014, 7, 11900),
(1184, 14, 2014, 7, 10750),
(1185, 15, 2014, 7, 7350),
(1186, 16, 2014, 7, 10800),
(1187, 17, 2014, 7, 9700),
(1188, 18, 2014, 7, 7450),
(1189, 19, 2014, 7, 10800),
(1190, 20, 2014, 7, 10750),
(1191, 21, 2014, 7, 7350),
(1192, 22, 2014, 7, 10800),
(1193, 23, 2014, 7, 10800),
(1194, 24, 2014, 7, 6350),
(1195, 25, 2014, 7, 9700),
(1196, 26, 2014, 7, 11850),
(1197, 27, 2014, 7, 6250),
(1198, 28, 2014, 7, 10800),
(1199, 29, 2014, 7, 11900),
(1200, 30, 2014, 7, 7450),
(1201, 31, 2014, 7, 11900),
(1202, 32, 2014, 7, 9650),
(1203, 33, 2014, 7, 6250),
(1204, 34, 2014, 7, 9700),
(1205, 35, 2014, 7, 9700),
(1206, 36, 2014, 7, 6350),
(1207, 37, 2014, 7, 9700),
(1208, 38, 2014, 7, 10750),
(1209, 39, 2014, 7, 6250),
(1210, 40, 2014, 7, 10800),
(1211, 41, 2014, 7, 10800),
(1212, 42, 2014, 7, 6350),
(1213, 43, 2014, 7, 11900),
(1214, 44, 2014, 7, 11850),
(1215, 45, 2014, 7, 6250),
(1216, 46, 2014, 7, 11900),
(1217, 47, 2014, 7, 10800),
(1218, 48, 2014, 7, 6350),
(1219, 49, 2014, 7, 10800),
(1220, 50, 2014, 7, 11850),
(1221, 51, 2014, 7, 6250),
(1222, 52, 2014, 7, 9700),
(1223, 53, 2014, 7, 10800),
(1224, 54, 2014, 7, 7450),
(1225, 55, 2014, 7, 10800),
(1226, 56, 2014, 7, 10750),
(1227, 57, 2014, 7, 7350),
(1228, 58, 2014, 7, 10800),
(1229, 59, 2014, 7, 10800),
(1230, 60, 2014, 7, 6350),
(1231, 61, 2014, 7, 10800),
(1232, 62, 2014, 7, 10750),
(1233, 63, 2014, 7, 7350),
(1234, 64, 2014, 7, 9700),
(1235, 65, 2014, 7, 0);

-- --------------------------------------------------------

--
-- Tábla szerkezet ehhez a táblához `deposits`
--

CREATE TABLE IF NOT EXISTS `deposits` (
  `id` int(11) NOT NULL AUTO_INCREMENT,
  `floor` varchar(5) COLLATE utf8_hungarian_ci NOT NULL,
  `door` varchar(4) COLLATE utf8_hungarian_ci NOT NULL,
  `area` double NOT NULL,
  `residents_no` int(11) NOT NULL,
  `area_ratio` double NOT NULL,
  `resident_name` text COLLATE utf8_hungarian_ci NOT NULL,
  PRIMARY KEY (`id`)
) ENGINE=InnoDB  DEFAULT CHARSET=utf8 COLLATE=utf8_hungarian_ci AUTO_INCREMENT=66 ;

--
-- A tábla adatainak kiíratása `deposits`
--

INSERT INTO `deposits` (`id`, `floor`, `door`, `area`, `residents_no`, `area_ratio`, `resident_name`) VALUES
(1, 'fsz.', '1', 52.35, 2, 164, 'JÁVORSZKYNÉ HORVÁTH ILDIKÓ'),
(2, 'fsz.', '2', 57.56, 1, 180, 'SZAHULCSIK JÓZSEF'),
(3, 'fsz.', '3', 57.3, 2, 178, 'DUDÁS JÓZSEFNÉ'),
(4, 'fsz.', '4', 57.3, 2, 178, 'RAMASZ TIBOR & TIBORNÉ'),
(5, '1', '5', 57.3, 2, 178, 'Dr. BÚZÁNÉ TÓTH MÁRIA'),
(6, '1', '6', 35, 1, 109, 'TÓTH IZABELLA'),
(7, '1', '7', 57.3, 2, 178, 'BARTHA LEVENTE'),
(8, '1', '8', 56.88, 2, 177, 'SZAUTHER HILDA Dr.'),
(9, '1', '9', 34.22, 2, 106, 'FÁBIÁN ILDIKÓ'),
(10, '1', '10', 57.3, 3, 178, 'BÁBICZKY LÁSZLÓ'),
(11, '2', '11', 57.3, 1, 178, 'APATÓCZKY ISTVÁNNÉ'),
(12, '2', '12', 35, 2, 109, 'CZÉKMÁN JÓZSEF & NEJE'),
(13, '2', '13', 57.3, 3, 178, 'VIRÁNYI ZSOLT'),
(14, '2', '14', 56.88, 2, 177, 'UDVARI JÓZSEF'),
(15, '2', '15', 34.22, 2, 106, 'NECKERNUSZ JÓZSEFNÉ'),
(16, '2', '16', 57.3, 2, 178, 'HRUBECZ GYÖRGY'),
(17, '3', '17', 57.3, 1, 178, 'RADVAN SÁNDORNÉ'),
(18, '3', '18', 35, 2, 109, 'HOTZ GABRIELLA'),
(19, '3', '19', 57.3, 2, 178, 'TÓVÁROSI LÁSZLÓ'),
(20, '3', '20', 56.88, 2, 177, 'DIÓSZEGI SÁNDOR'),
(21, '3', '21', 34.22, 2, 106, 'PANDULA LÁSZLÓ & TORMA VIKTÓRIA'),
(22, '3', '22', 57.3, 2, 178, 'HELYEI LÁSZLÓ'),
(23, '4', '23', 57.3, 2, 178, 'HORVÁTH JÓZSEF'),
(24, '4', '24', 35, 1, 109, 'SATTLER MIKLÓSNÉ'),
(25, '4', '25', 57.3, 1, 178, 'MÁRKUS ÁDÁM'),
(26, '4', '26', 56.88, 3, 177, 'Dr. KISSNÉ NYULÁSZ MARGIT'),
(27, '4', '27', 34.22, 1, 106, 'VARGA NÓRA'),
(28, '4', '28', 57.3, 2, 178, 'KÖVESI ANDRÁS'),
(29, '5', '29', 57.3, 3, 178, 'SITTKEI TIBOR & MÁRFAI TÍMEA MÁRIA'),
(30, '5', '30', 35, 2, 109, 'FRANK PIROSKA'),
(31, '5', '31', 57.3, 3, 178, 'KÖKÉNY GYÖRGYI'),
(32, '5', '32', 56.88, 1, 177, 'HAVADI B. ERIKNÉ'),
(33, '5', '33', 34.22, 1, 106, 'CSISZÁR GÁBOR'),
(34, '5', '34', 57.3, 1, 178, 'KONDÁS ZOLTÁN'),
(35, '6', '35', 57.3, 1, 178, 'KOJNOK ISTVÁNNÉ'),
(36, '6', '36', 35, 1, 109, 'GECSER MÓNIKA'),
(37, '6', '37', 57.3, 1, 178, 'MAKOVSKY GÁBOR'),
(38, '6', '38', 56.88, 2, 177, 'WEISZBURGNÉ, BIHARI JUDIT'),
(39, '6', '39', 34.22, 1, 106, 'DÉSI EDIT KRISZTINA'),
(40, '6', '40', 57.3, 2, 178, 'ORSZÁG JÓZSEF'),
(41, '7', '41', 57.3, 2, 178, 'CSETÉNÉ TACHER GABRIELLA'),
(42, '7', '42', 35, 1, 109, 'MÉSZÁROSNÉ NYULÁSZ ANNA'),
(43, '7', '43', 57.3, 3, 178, 'GÁL ELISABETA'),
(44, '7', '44', 56.88, 3, 177, 'DÖMÖK ILDIKÓ'),
(45, '7', '45', 34.22, 1, 106, 'FELSZERFALVI ISTVÁN'),
(46, '7', '46', 57.3, 3, 178, 'VARGA FERENC'),
(47, '8', '47', 57.3, 2, 178, 'NAGY SZABOLCS'),
(48, '8', '48', 35, 1, 109, 'BERÉNYI KÁROLYNÉ'),
(49, '8', '49', 57.3, 2, 178, 'TÓTH PÁL ANDRÁS'),
(50, '8', '50', 56.88, 3, 177, 'BÁNFALVI PÉTER'),
(51, '8', '51', 34.22, 1, 106, 'SZABÓ ATTILA'),
(52, '8', '52', 57.3, 1, 178, 'CSORDÁS JÓZSEF'),
(53, '9', '53', 57.3, 2, 178, 'MÁRFAI RÓBERT & NEJE'),
(54, '9', '54', 35, 2, 109, 'GYURCSIK LÁSZLÓ & NEJE'),
(55, '9', '55', 57.3, 2, 178, 'FLEKÁCS JÓZSEFNÉ'),
(56, '9', '56', 56.88, 2, 177, 'BAKONDI ÁDÁM'),
(57, '9', '57', 34.22, 2, 106, 'CSÖKE ANDRÁS'),
(58, '9', '58', 57.3, 2, 178, 'TEMESVÁRY ÁGNES'),
(59, '10', '59', 57.3, 2, 178, 'PINTÉRNÉ L. KLÁRA'),
(60, '10', '60', 35, 1, 109, 'Dr. SZÉKELYNÉ KORMOS ZSUZSANNA'),
(61, '10', '61', 57.3, 2, 178, 'BARTOS JÓZSEF'),
(62, '10', '62', 56.88, 2, 177, 'TAKÁCS MÁRTON'),
(63, '10', '63', 34.22, 2, 106, 'ANDA PÉTER'),
(64, '10', '64', 57.3, 1, 178, 'NAGY GYÖRGY JÓZSEF'),
(65, '0', '0', 0, 0, 0, 'TÁRSASHÁZ');

-- --------------------------------------------------------

--
-- Tábla szerkezet ehhez a táblához `deposit_balance`
--

CREATE TABLE IF NOT EXISTS `deposit_balance` (
  `id` int(11) NOT NULL AUTO_INCREMENT,
  `deposit_id` int(11) NOT NULL,
  `year` year(4) NOT NULL,
  `opening_balance` int(11) NOT NULL,
  `actual_balance` int(11) NOT NULL,
  PRIMARY KEY (`id`),
  KEY `deposit_id` (`deposit_id`)
) ENGINE=InnoDB  DEFAULT CHARSET=utf8 COLLATE=utf8_hungarian_ci AUTO_INCREMENT=197 ;

--
-- A tábla adatainak kiíratása `deposit_balance`
--

INSERT INTO `deposit_balance` (`id`, `deposit_id`, `year`, `opening_balance`, `actual_balance`) VALUES
(1, 1, 2013, -57479, 17521),
(2, 2, 2013, -1163, 118837),
(3, 3, 2013, 1556, 119556),
(4, 4, 2013, 6410, 101410),
(5, 5, 2013, 99, 115899),
(6, 6, 2013, -29500, 15100),
(7, 7, 2013, -43667, 106568),
(8, 8, 2013, 0, 115200),
(9, 9, 2013, -128481, -117425),
(10, 10, 2013, -85897, 116153),
(11, 11, 2013, 25, 100825),
(12, 12, 2013, 2565, 79565),
(13, 13, 2013, -80739, 117261),
(14, 14, 2013, -81220, 60280),
(15, 15, 2013, -60444, -35444),
(16, 16, 2013, -9560, 115890),
(17, 17, 2013, 9, 67209),
(18, 18, 2013, 12517, 95317),
(19, 19, 2013, -23797, 94253),
(20, 20, 2013, -6699, 118801),
(21, 21, 2013, 0, 0),
(22, 22, 2013, -3441, 111315),
(23, 23, 2013, -97, 115703),
(24, 24, 2013, 0, 67800),
(25, 25, 2013, -15763, 93326),
(26, 26, 2013, -59930, 115750),
(27, 27, 2013, -4575, 62025),
(28, 28, 2013, -10886, 119914),
(29, 29, 2013, -271137, -221137),
(30, 30, 2013, 1882, 109882),
(31, 31, 2013, -220801, -110801),
(32, 32, 2013, 0, 100200),
(33, 33, 2013, -3729, 59871),
(34, 34, 2013, -282354, 100800),
(35, 35, 2013, -210, 100800),
(36, 36, 2013, 12680, 74005),
(37, 37, 2013, -11548, 103294),
(38, 38, 2013, -15316, 124684),
(39, 39, 2013, 2918, 68918),
(40, 40, 2013, -55735, 74265),
(41, 41, 2013, -14295, 115705),
(42, 42, 2013, 75, 67425),
(43, 43, 2013, -169997, 63003),
(44, 44, 2013, -16800, 84600),
(45, 45, 2013, -429, 65307),
(46, 46, 2013, -903, 119097),
(47, 47, 2013, 6654, 126654),
(48, 48, 2013, 50, 67850),
(49, 49, 2013, 349, 116149),
(50, 50, 2013, -11696, 132304),
(51, 51, 2013, -33251, -33251),
(52, 52, 2013, 28517, 109517),
(53, 53, 2013, -2360, 103020),
(54, 54, 2013, 481, 83281),
(55, 55, 2013, -339863, -279863),
(56, 56, 2013, 57600, 115200),
(57, 57, 2013, 2799, 86799),
(58, 58, 2013, 21304, 127454),
(59, 59, 2013, 6, 115806),
(60, 60, 2013, -94845, 102402),
(61, 61, 2013, 3478, 117478),
(62, 62, 2013, -19820, 100180),
(63, 63, 2013, -3416, 80490),
(64, 64, 2013, -33373, -33373),
(65, 65, 2013, 0, 79760),
(132, 1, 2014, -91079, -51079),
(133, 2, 2014, 17437, 37437),
(134, 3, 2014, 3756, 53756),
(135, 4, 2014, -14390, 35610),
(136, 5, 2014, 99, 48349),
(137, 6, 2014, -52700, -52700),
(138, 7, 2014, -9232, 48668),
(139, 8, 2014, 0, 57600),
(140, 9, 2014, -199025, -199025),
(141, 10, 2014, -14647, 43253),
(142, 11, 2014, 25, 50425),
(143, 12, 2014, -3235, 41400),
(144, 13, 2014, -13539, 37261),
(145, 14, 2014, -54920, 20080),
(146, 15, 2014, -117044, -117044),
(147, 16, 2014, 90, 57990),
(148, 17, 2014, -33591, 16809),
(149, 18, 2014, 12517, 53917),
(150, 19, 2014, -21547, 36353),
(151, 20, 2014, 3601, 53101),
(152, 21, 2014, -81600, -81600),
(153, 22, 2014, -4485, 52983),
(154, 23, 2014, -97, 57803),
(155, 24, 2014, 0, 33900),
(156, 25, 2014, -7474, 35026),
(157, 26, 2014, -14450, 7250),
(158, 27, 2014, -4575, 28725),
(159, 28, 2014, -10886, 54514),
(160, 29, 2014, -351937, -351937),
(161, 30, 2014, 27082, 48082),
(162, 31, 2014, -241601, -175601),
(163, 32, 2014, 0, 50100),
(164, 33, 2014, -6729, 19771),
(165, 34, 2014, 0, 50400),
(166, 35, 2014, 0, 50400),
(167, 36, 2014, 6205, 39655),
(168, 37, 2014, 2494, 44994),
(169, 38, 2014, 9484, 71484),
(170, 39, 2014, 2318, 33318),
(171, 40, 2014, -41535, 8465),
(172, 41, 2014, -95, 49905),
(173, 42, 2014, -375, 16350),
(174, 43, 2014, -67797, -23797),
(175, 44, 2014, -45600, 5100),
(176, 45, 2014, -1293, 26097),
(177, 46, 2014, 3297, 35997),
(178, 47, 2014, 10854, 70854),
(179, 48, 2014, 50, 33950),
(180, 49, 2014, 349, 58249),
(181, 50, 2014, 2104, 68104),
(182, 51, 2014, -99851, -99851),
(183, 52, 2014, 8717, 44717),
(184, 53, 2014, -12780, 37220),
(185, 54, 2014, 481, 41881),
(186, 55, 2014, -395663, -345663),
(187, 56, 2014, 0, 57600),
(188, 57, 2014, 5199, 47199),
(189, 58, 2014, 11654, 59904),
(190, 59, 2014, 6, 57906),
(191, 60, 2014, 19602, 47852),
(192, 61, 2014, 1678, 58678),
(193, 62, 2014, -20, 69980),
(194, 63, 2014, -1110, 39690),
(195, 64, 2014, -134173, -134173),
(196, 65, 2014, 79760, 127616);

-- --------------------------------------------------------

--
-- Tábla szerkezet ehhez a táblához `documents`
--

CREATE TABLE IF NOT EXISTS `documents` (
  `id` int(11) NOT NULL AUTO_INCREMENT,
  `name` varchar(100) COLLATE utf8_hungarian_ci NOT NULL,
  `shortname` varchar(100) COLLATE utf8_hungarian_ci NOT NULL,
  `description` text COLLATE utf8_hungarian_ci,
  PRIMARY KEY (`id`)
) ENGINE=InnoDB  DEFAULT CHARSET=utf8 COLLATE=utf8_hungarian_ci AUTO_INCREMENT=13 ;

--
-- A tábla adatainak kiíratása `documents`
--

INSERT INTO `documents` (`id`, `name`, `shortname`, `description`) VALUES
(3, 'Alapito okirat modositas.pdf', 'Alapító okirat módosítás', ''),
(4, 'Alapito okirat.pdf', 'Alapító okirat', ''),
(5, 'SZMSZ + HÁZIREND tervezet 2014 07 01 kamerával.pdf', 'SzMSz tervezet', 'Szavazásra!'),
(8, 'Pöttyös u 4  írásbeli szavazólap 2014 07 01.pdf', 'SzMSZ szavazólap', ''),
(9, 'Pöttyös u. 4. jkv. -  megválasztó.pdf', 'Megválasztó jegyzőkönyv', ''),
(10, 'Pöttyös u. 4. jkv. 2012.05.31.pdf', 'Elszámoló - 2012', ''),
(11, 'Pöttyös u. 4. jkv. 2013.05.31.pdf', 'Elszámoló - 2013', ''),
(12, 'Pöttyös u. 4. jkv. 2014.06.06.pdf', 'Elszámoló - 2014', '');

-- --------------------------------------------------------

--
-- Tábla szerkezet ehhez a táblához `fees`
--

CREATE TABLE IF NOT EXISTS `fees` (
  `id` int(11) NOT NULL AUTO_INCREMENT,
  `name` varchar(150) COLLATE utf8_hungarian_ci NOT NULL,
  `yearly_amount` int(11) NOT NULL,
  `dealer` int(11) NOT NULL,
  `multiplier` varchar(75) COLLATE utf8_hungarian_ci NOT NULL,
  PRIMARY KEY (`id`)
) ENGINE=InnoDB  DEFAULT CHARSET=utf8 COLLATE=utf8_hungarian_ci AUTO_INCREMENT=3 ;

--
-- A tábla adatainak kiíratása `fees`
--

INSERT INTO `fees` (`id`, `name`, `yearly_amount`, `dealer`, `multiplier`) VALUES
(1, 'Közösköltség', 150, 3205, '/terület-egység'),
(2, 'Szemétdíj', 1100, 116, '/fő');

-- --------------------------------------------------------

--
-- Tábla szerkezet ehhez a táblához `ocost`
--

CREATE TABLE IF NOT EXISTS `ocost` (
  `id` int(11) NOT NULL AUTO_INCREMENT,
  `year` int(11) NOT NULL,
  `month` tinyint(4) NOT NULL,
  `day` tinyint(4) NOT NULL,
  `deposit_id` int(11) NOT NULL,
  `ocost` int(11) NOT NULL,
  `title` text NOT NULL,
  PRIMARY KEY (`id`)
) ENGINE=MyISAM DEFAULT CHARSET=utf8 AUTO_INCREMENT=1 ;

-- --------------------------------------------------------

--
-- Tábla szerkezet ehhez a táblához `payment`
--

CREATE TABLE IF NOT EXISTS `payment` (
  `id` int(11) NOT NULL AUTO_INCREMENT,
  `deposit_id` int(11) NOT NULL,
  `date` date NOT NULL,
  `amount` int(11) NOT NULL,
  `account_date` date NOT NULL,
  `user` varchar(75) COLLATE utf8_hungarian_ci NOT NULL,
  PRIMARY KEY (`id`),
  KEY `deposit_id` (`deposit_id`)
) ENGINE=InnoDB  DEFAULT CHARSET=utf8 COLLATE=utf8_hungarian_ci AUTO_INCREMENT=924 ;

--
-- A tábla adatainak kiíratása `payment`
--

INSERT INTO `payment` (`id`, `deposit_id`, `date`, `amount`, `account_date`, `user`) VALUES
(1, 26, '2014-06-16', 44640, '2013-01-02', 'admin'),
(2, 16, '2014-06-16', 9650, '2013-01-03', 'admin'),
(3, 3, '2014-06-16', 10000, '2013-01-05', 'admin'),
(4, 36, '2014-06-16', 5575, '2013-01-05', 'admin'),
(5, 19, '2014-06-16', 11900, '2013-01-07', 'admin'),
(6, 27, '2014-06-16', 5550, '2013-01-07', 'admin'),
(7, 8, '2014-06-16', 9600, '2013-01-07', 'admin'),
(8, 7, '2014-06-16', 9563, '2013-01-07', 'admin'),
(9, 54, '2014-06-16', 6900, '2013-01-07', 'admin'),
(10, 38, '2014-06-16', 9500, '2013-01-07', 'admin'),
(11, 23, '2014-06-16', 9650, '2013-01-08', 'admin'),
(12, 48, '2014-06-16', 5650, '2013-01-08', 'admin'),
(13, 22, '2014-06-16', 9563, '2013-01-08', 'admin'),
(14, 49, '2014-06-16', 9650, '2013-01-08', 'admin'),
(15, 28, '2014-06-16', 10900, '2013-01-08', 'admin'),
(16, 44, '2014-06-16', 8450, '2013-01-08', 'admin'),
(17, 61, '2014-06-16', 9500, '2013-01-08', 'admin'),
(18, 2, '2014-06-16', 10000, '2013-01-08', 'admin'),
(19, 39, '2014-06-16', 5500, '2013-01-08', 'admin'),
(20, 20, '2014-06-16', 7000, '2013-01-08', 'admin'),
(21, 50, '2014-06-16', 11000, '2013-01-08', 'admin'),
(22, 13, '2014-06-16', 11000, '2013-01-09', 'admin'),
(23, 40, '2014-06-16', 10000, '2013-01-09', 'admin'),
(24, 60, '2014-06-16', 7000, '2013-01-09', 'admin'),
(25, 24, '2014-06-16', 5650, '2013-01-09', 'admin'),
(26, 1, '2014-06-16', 10000, '2013-01-09', 'admin'),
(27, 45, '2014-06-16', 5478, '2013-01-10', 'admin'),
(28, 18, '2014-06-16', 6900, '2013-01-10', 'admin'),
(29, 57, '2014-06-16', 7000, '2013-01-10', 'admin'),
(30, 35, '2014-06-16', 8400, '2013-01-10', 'admin'),
(31, 63, '2014-06-16', 6578, '2013-01-10', 'admin'),
(32, 37, '2014-06-16', 7976, '2013-01-10', 'admin'),
(33, 59, '2014-06-16', 9650, '2013-01-10', 'admin'),
(34, 25, '2014-06-16', 8363, '2013-01-14', 'admin'),
(35, 62, '2014-06-16', 10000, '2013-01-14', 'admin'),
(36, 33, '2014-06-16', 5300, '2013-01-14', 'admin'),
(37, 20, '2014-06-16', 20000, '2013-01-14', 'admin'),
(38, 52, '2014-06-16', 9000, '2013-01-14', 'admin'),
(39, 5, '2014-06-16', 9650, '2013-01-14', 'admin'),
(40, 53, '2014-06-16', 9076, '2013-01-14', 'admin'),
(41, 14, '2014-06-16', 9500, '2013-01-15', 'admin'),
(42, 10, '2014-06-16', 23400, '2013-01-15', 'admin'),
(43, 32, '2014-06-16', 8350, '2013-01-17', 'admin'),
(44, 31, '2014-06-16', 11000, '2013-01-17', 'admin'),
(45, 47, '2014-06-16', 10000, '2013-01-18', 'admin'),
(46, 11, '2014-06-16', 8400, '2013-01-21', 'admin'),
(47, 41, '2014-06-16', 20000, '2013-01-22', 'admin'),
(48, 46, '2014-06-16', 10000, '2013-01-24', 'admin'),
(49, 58, '2014-06-16', 9650, '2013-01-25', 'admin'),
(50, 3, '2014-06-16', 10000, '2013-01-31', 'admin'),
(51, 16, '2014-06-16', 9650, '2013-02-01', 'admin'),
(52, 7, '2014-06-16', 9563, '2013-02-04', 'admin'),
(53, 19, '2014-06-16', 9650, '2013-02-05', 'admin'),
(54, 8, '2014-06-16', 9600, '2013-02-05', 'admin'),
(55, 61, '2014-06-16', 9500, '2013-02-05', 'admin'),
(56, 60, '2014-06-16', 10000, '2013-02-05', 'admin'),
(57, 32, '2014-06-16', 8350, '2013-02-06', 'admin'),
(58, 62, '2014-06-16', 10000, '2013-02-06', 'admin'),
(59, 54, '2014-06-16', 6900, '2013-02-06', 'admin'),
(60, 38, '2014-06-16', 9500, '2013-02-06', 'admin'),
(61, 4, '2014-06-16', 15000, '2013-02-06', 'admin'),
(62, 44, '2014-06-16', 8450, '2013-02-07', 'admin'),
(63, 60, '2014-06-16', 7000, '2013-02-07', 'admin'),
(64, 36, '2014-06-16', 5575, '2013-02-07', 'admin'),
(65, 23, '2014-06-16', 9650, '2013-02-08', 'admin'),
(66, 49, '2014-06-16', 9650, '2013-02-08', 'admin'),
(67, 28, '2014-06-16', 10900, '2013-02-08', 'admin'),
(68, 50, '2014-06-16', 11000, '2013-02-08', 'admin'),
(69, 48, '2014-06-16', 5650, '2013-02-08', 'admin'),
(70, 22, '2014-06-16', 9563, '2013-02-08', 'admin'),
(71, 24, '2014-06-16', 5650, '2013-02-08', 'admin'),
(72, 39, '2014-06-16', 5500, '2013-02-08', 'admin'),
(73, 45, '2014-06-16', 5478, '2013-02-11', 'admin'),
(74, 18, '2014-06-16', 6900, '2013-02-11', 'admin'),
(75, 57, '2014-06-16', 7000, '2013-02-11', 'admin'),
(76, 25, '2014-06-16', 8363, '2013-02-11', 'admin'),
(77, 13, '2014-06-16', 11000, '2013-02-11', 'admin'),
(78, 63, '2014-06-16', 6578, '2013-02-11', 'admin'),
(79, 59, '2014-06-16', 9650, '2013-02-11', 'admin'),
(80, 42, '2014-06-16', 16950, '2013-02-11', 'admin'),
(81, 37, '2014-06-16', 7976, '2013-02-11', 'admin'),
(82, 12, '2014-06-16', 7000, '2013-02-11', 'admin'),
(83, 33, '2014-06-16', 5300, '2013-02-12', 'admin'),
(84, 27, '2014-06-16', 5550, '2013-02-12', 'admin'),
(85, 17, '2014-06-16', 8400, '2013-02-12', 'admin'),
(86, 5, '2014-06-16', 9650, '2013-02-13', 'admin'),
(87, 11, '2014-06-16', 8400, '2013-02-13', 'admin'),
(88, 53, '2014-06-16', 9076, '2013-02-14', 'admin'),
(89, 35, '2014-06-16', 8400, '2013-02-14', 'admin'),
(90, 14, '2013-06-16', 9500, '2013-02-15', 'admin'),
(91, 31, '2014-06-16', 11000, '2013-02-18', 'admin'),
(92, 47, '2014-06-16', 10000, '2013-02-18', 'admin'),
(93, 41, '2014-06-16', 10000, '2013-02-21', 'admin'),
(94, 40, '2014-06-16', 10000, '2013-02-21', 'admin'),
(95, 20, '2014-06-16', 10000, '2013-02-25', 'admin'),
(96, 46, '2014-06-16', 10000, '2013-02-25', 'admin'),
(97, 58, '2014-06-16', 9650, '2013-02-27', 'admin'),
(98, 12, '2014-06-16', 7000, '2013-03-05', 'admin'),
(99, 19, '2014-06-16', 9650, '2013-03-05', 'admin'),
(100, 61, '2014-06-16', 9500, '2013-03-05', 'admin'),
(101, 7, '2014-06-16', 9563, '2013-03-05', 'admin'),
(102, 60, '2014-06-16', 10000, '2013-03-05', 'admin'),
(103, 38, '2014-06-16', 9500, '2013-03-05', 'admin'),
(104, 4, '2014-06-16', 10000, '2013-03-05', 'admin'),
(105, 16, '2014-06-16', 9650, '2013-03-06', 'admin'),
(106, 54, '2014-06-16', 6900, '2013-03-06', 'admin'),
(107, 27, '2014-06-16', 5550, '2013-03-07', 'admin'),
(108, 32, '2014-06-16', 8350, '2013-03-07', 'admin'),
(109, 36, '2014-06-16', 5575, '2013-03-07', 'admin'),
(110, 50, '2014-06-16', 11000, '2013-03-08', 'admin'),
(111, 48, '2014-06-16', 5650, '2013-03-08', 'admin'),
(112, 23, '2014-06-16', 9650, '2013-03-08', 'admin'),
(113, 22, '2014-06-16', 9563, '2013-03-08', 'admin'),
(114, 49, '2014-06-16', 9650, '2013-03-08', 'admin'),
(115, 28, '2014-06-16', 10900, '2013-03-08', 'admin'),
(116, 8, '2014-06-16', 9600, '2013-03-08', 'admin'),
(117, 24, '2014-06-16', 5650, '2013-03-08', 'admin'),
(118, 26, '2014-06-16', 21420, '2013-03-08', 'admin'),
(119, 39, '2014-06-16', 5500, '2013-03-08', 'admin'),
(120, 10, '2014-06-16', 23400, '2013-03-08', 'admin'),
(121, 45, '2014-06-16', 5478, '2013-03-11', 'admin'),
(122, 18, '2014-06-16', 6900, '2013-03-11', 'admin'),
(123, 57, '2014-06-16', 7000, '2013-03-11', 'admin'),
(124, 25, '2014-06-16', 8363, '2013-03-11', 'admin'),
(125, 11, '2014-06-16', 8400, '2013-03-11', 'admin'),
(126, 59, '2014-06-16', 9650, '2013-03-11', 'admin'),
(127, 63, '2014-06-16', 6578, '2013-03-11', 'admin'),
(128, 65, '2014-06-16', 7976, '2013-03-11', 'admin'),
(129, 13, '2014-06-16', 11000, '2013-03-12', 'admin'),
(130, 33, '2014-06-16', 5300, '2013-03-12', 'admin'),
(131, 17, '2014-06-16', 8400, '2013-03-12', 'admin'),
(132, 5, '2014-06-16', 9650, '2013-03-13', 'admin'),
(133, 17, '2014-06-16', 8400, '2013-03-13', 'admin'),
(134, 44, '2014-06-16', 8450, '2013-03-13', 'admin'),
(135, 53, '2014-06-16', 9076, '2013-03-14', 'admin'),
(136, 35, '2014-06-16', 8400, '2013-03-14', 'admin'),
(137, 14, '2014-06-16', 9500, '2013-03-18', 'admin'),
(138, 31, '2014-06-16', 11000, '2013-03-18', 'admin'),
(139, 2, '2014-06-16', 20000, '2013-03-18', 'admin'),
(140, 62, '2014-06-16', 10000, '2013-03-18', 'admin'),
(141, 47, '2014-06-16', 10000, '2013-03-18', 'admin'),
(142, 6, '2014-06-16', 11150, '2013-03-20', 'admin'),
(143, 37, '2014-06-16', 12820, '2013-03-21', 'admin'),
(144, 20, '2014-06-16', 10000, '2013-03-21', 'admin'),
(145, 58, '2014-06-16', 9650, '2013-03-25', 'admin'),
(146, 46, '2014-06-16', 10000, '2013-03-25', 'admin'),
(147, 40, '2014-06-16', 10000, '2013-03-27', 'admin'),
(148, 41, '2014-06-16', 10000, '2013-03-29', 'admin'),
(149, 2, '2014-06-16', 10000, '2013-04-02', 'admin'),
(150, 6, '2014-06-16', 22300, '2013-04-04', 'admin'),
(151, 61, '2014-06-16', 9500, '2013-04-04', 'admin'),
(152, 32, '2014-06-16', 8350, '2013-04-04', 'admin'),
(153, 3, '2014-06-16', 10000, '2013-04-04', 'admin'),
(154, 16, '2014-06-16', 9650, '2013-04-04', 'admin'),
(155, 27, '2014-06-16', 5550, '2013-04-05', 'admin'),
(156, 19, '2014-06-16', 9650, '2013-04-05', 'admin'),
(157, 44, '2014-06-16', 8450, '2013-04-05', 'admin'),
(158, 60, '2014-06-16', 7000, '2013-04-05', 'admin'),
(159, 60, '2014-06-16', 7000, '2013-04-05', 'admin'),
(160, 30, '2014-06-16', 30000, '2013-04-05', 'admin'),
(161, 60, '2014-06-16', 10000, '2013-04-05', 'admin'),
(162, 23, '2014-06-16', 9650, '2013-04-08', 'admin'),
(163, 50, '2014-06-16', 11000, '2013-04-08', 'admin'),
(164, 49, '2014-06-16', 9650, '2013-04-08', 'admin'),
(165, 28, '2014-06-16', 10900, '2013-04-08', 'admin'),
(166, 48, '2014-06-16', 5650, '2013-04-08', 'admin'),
(167, 22, '2014-06-16', 9563, '2013-04-08', 'admin'),
(168, 36, '2014-06-16', 5575, '2013-04-08', 'admin'),
(169, 7, '2014-06-16', 9563, '2013-04-08', 'admin'),
(170, 54, '2014-06-16', 6900, '2013-04-08', 'admin'),
(171, 38, '2014-06-16', 9500, '2013-04-08', 'admin'),
(172, 39, '2014-06-16', 5500, '2013-04-08', 'admin'),
(173, 11, '2014-06-16', 8400, '2013-04-09', 'admin'),
(174, 10, '2014-06-16', 23400, '2013-03-09', 'admin'),
(175, 12, '2014-06-16', 7000, '2013-04-09', 'admin'),
(176, 45, '2014-06-16', 5478, '2013-04-10', 'admin'),
(177, 18, '2014-06-16', 6900, '2013-04-10', 'admin'),
(178, 57, '2014-06-16', 7000, '2013-04-10', 'admin'),
(179, 8, '2014-06-16', 9600, '2013-04-10', 'admin'),
(180, 65, '2014-06-16', 7976, '2013-04-10', 'admin'),
(181, 63, '2014-06-16', 6578, '2013-04-10', 'admin'),
(182, 59, '2014-06-16', 9650, '2013-04-10', 'admin'),
(183, 24, '2014-06-16', 5650, '2013-04-11', 'admin'),
(184, 35, '2014-06-16', 8400, '2013-04-11', 'admin'),
(185, 33, '2014-06-16', 5300, '2013-04-12', 'admin'),
(186, 5, '2014-06-16', 9650, '2013-04-15', 'admin'),
(187, 53, '2014-06-16', 9076, '2013-04-15', 'admin'),
(188, 52, '2014-06-16', 9000, '2013-04-15', 'admin'),
(189, 14, '2014-06-16', 9500, '2013-04-15', 'admin'),
(190, 31, '2014-06-16', 11000, '2013-04-17', 'admin'),
(191, 1, '2014-06-16', 15000, '2013-04-18', 'admin'),
(192, 47, '2014-06-16', 10000, '2013-04-19', 'admin'),
(193, 13, '2014-06-16', 22000, '2013-04-22', 'admin'),
(194, 20, '2014-06-16', 10000, '2013-04-23', 'admin'),
(195, 46, '2014-06-16', 10000, '2013-04-24', 'admin'),
(196, 58, '2014-06-16', 9650, '2013-04-29', 'admin'),
(197, 34, '2014-06-16', 315954, '2013-04-29', 'admin'),
(198, 42, '2014-06-16', 16950, '2013-05-02', 'admin'),
(199, 4, '2014-06-16', 15000, '2013-05-02', 'admin'),
(200, 60, '2014-06-16', 10000, '2013-05-03', 'admin'),
(201, 19, '2014-06-16', 9650, '2013-05-06', 'admin'),
(202, 27, '2014-06-16', 5550, '2013-05-06', 'admin'),
(203, 41, '2014-06-16', 10000, '2013-05-06', 'admin'),
(204, 61, '2014-06-16', 9500, '2013-05-06', 'admin'),
(205, 2, '2014-06-16', 10000, '2013-05-06', 'admin'),
(206, 6, '2014-06-16', 11150, '2013-05-06', 'admin'),
(207, 3, '2014-06-16', 10000, '2013-05-06', 'admin'),
(208, 62, '2014-06-16', 20000, '2013-05-06', 'admin'),
(209, 54, '2014-06-16', 6900, '2013-05-06', 'admin'),
(210, 26, '2014-06-16', 21420, '2013-05-06', 'admin'),
(211, 38, '2014-06-16', 9500, '2013-05-06', 'admin'),
(212, 16, '2014-06-16', 9650, '2013-05-07', 'admin'),
(213, 32, '2014-06-16', 8350, '2013-05-07', 'admin'),
(214, 60, '2014-06-16', 7000, '2013-05-07', 'admin'),
(215, 23, '2014-06-16', 9650, '2013-05-08', 'admin'),
(216, 49, '2014-06-16', 9650, '2013-05-08', 'admin'),
(217, 28, '2014-06-16', 10900, '2013-05-08', 'admin'),
(218, 50, '2014-06-16', 11000, '2013-05-08', 'admin'),
(219, 48, '2014-06-16', 5650, '2013-05-08', 'admin'),
(220, 22, '2014-06-16', 9563, '2013-05-08', 'admin'),
(221, 36, '2014-06-16', 5575, '2013-05-08', 'admin'),
(222, 37, '2014-06-16', 8400, '2013-05-08', 'admin'),
(223, 37, '2014-06-16', 8400, '2013-05-08', 'admin'),
(224, 39, '2014-06-16', 5500, '2013-05-08', 'admin'),
(225, 44, '2014-06-16', 8450, '2013-05-09', 'admin'),
(226, 24, '2014-06-16', 5650, '2013-05-09', 'admin'),
(227, 10, '2014-06-16', 23400, '2013-05-09', 'admin'),
(228, 45, '2014-06-16', 5478, '2013-05-10', 'admin'),
(229, 18, '2014-06-16', 6900, '2013-05-10', 'admin'),
(230, 57, '2014-06-16', 7000, '2013-05-10', 'admin'),
(231, 17, '2014-06-16', 8400, '2013-05-10', 'admin'),
(232, 11, '2014-06-16', 8400, '2013-05-10', 'admin'),
(233, 65, '2014-06-16', 7976, '2013-05-10', 'admin'),
(234, 59, '2014-06-16', 9650, '2013-05-10', 'admin'),
(235, 63, '2014-06-16', 6578, '2013-05-10', 'admin'),
(236, 35, '2014-06-16', 8400, '2013-05-10', 'admin'),
(237, 5, '2014-06-16', 9650, '2013-05-13', 'admin'),
(238, 25, '2014-06-16', 16000, '2013-05-13', 'admin'),
(239, 7, '2014-06-16', 9563, '2013-05-13', 'admin'),
(240, 33, '2014-06-16', 5300, '2013-05-13', 'admin'),
(241, 12, '2014-06-16', 7000, '2013-05-14', 'admin'),
(242, 53, '2014-06-16', 9076, '2013-05-14', 'admin'),
(243, 29, '2014-06-16', 50000, '2013-05-14', 'admin'),
(244, 40, '2014-06-16', 10000, '2013-05-14', 'admin'),
(245, 8, '2014-06-16', 9600, '2013-05-14', 'admin'),
(246, 52, '2014-06-16', 9000, '2013-05-14', 'admin'),
(247, 60, '2014-06-16', 10000, '2013-05-14', 'admin'),
(248, 14, '2014-06-16', 9500, '2013-05-15', 'admin'),
(249, 40, '2014-06-16', 10000, '2013-05-15', 'admin'),
(250, 47, '2014-06-16', 10000, '2013-05-17', 'admin'),
(251, 31, '2014-06-16', 11000, '2013-05-17', 'admin'),
(252, 20, '2014-06-16', 10000, '2013-05-21', 'admin'),
(253, 30, '2014-06-16', 8000, '2013-05-22', 'admin'),
(254, 46, '2014-06-16', 10000, '2013-05-24', 'admin'),
(255, 58, '2014-06-16', 9650, '2013-05-28', 'admin'),
(256, 34, '2014-06-16', 8400, '2013-05-31', 'admin'),
(257, 50, '2014-06-16', 12000, '2013-05-31', 'admin'),
(258, 27, '2014-06-16', 5550, '2013-06-03', 'admin'),
(259, 41, '2014-06-16', 10000, '2013-06-03', 'admin'),
(260, 7, '2014-06-16', 9650, '2013-06-03', 'admin'),
(261, 3, '2014-06-16', 10000, '2013-06-04', 'admin'),
(262, 19, '2014-06-16', 9650, '2013-06-05', 'admin'),
(263, 4, '2014-06-16', 5000, '2013-06-05', 'admin'),
(264, 60, '2014-06-16', 10000, '2013-06-05', 'admin'),
(265, 60, '2014-06-16', 61347, '2013-06-05', 'admin'),
(266, 54, '2014-06-16', 6900, '2013-06-05', 'admin'),
(267, 2, '2014-06-16', 10000, '2013-06-06', 'admin'),
(268, 24, '2014-06-16', 5650, '2013-06-06', 'admin'),
(269, 32, '2014-06-16', 8350, '2013-06-06', 'admin'),
(270, 61, '2014-06-16', 9500, '2013-06-06', 'admin'),
(271, 60, '2014-06-16', 7000, '2013-06-06', 'admin'),
(272, 43, '2014-06-16', 50000, '2013-06-06', 'admin'),
(273, 42, '2014-06-16', 16725, '2013-06-07', 'admin'),
(274, 37, '2014-06-16', 8500, '2013-06-07', 'admin'),
(275, 38, '2014-06-16', 9500, '2013-06-07', 'admin'),
(276, 50, '2014-06-16', 11000, '2013-06-10', 'admin'),
(277, 48, '2014-06-16', 5650, '2013-06-10', 'admin'),
(278, 22, '2014-06-16', 9563, '2013-06-10', 'admin'),
(279, 49, '2014-06-16', 9650, '2013-06-10', 'admin'),
(280, 28, '2014-06-16', 10900, '2013-06-10', 'admin'),
(281, 23, '2014-06-16', 9650, '2013-06-10', 'admin'),
(282, 45, '2014-06-16', 5478, '2013-06-10', 'admin'),
(283, 18, '2014-06-16', 6900, '2013-06-10', 'admin'),
(284, 57, '2014-06-16', 7000, '2013-06-10', 'admin'),
(285, 15, '2014-06-16', 10000, '2013-06-10', 'admin'),
(286, 59, '2014-06-16', 9650, '2013-06-10', 'admin'),
(287, 65, '2014-06-16', 7976, '2013-06-10', 'admin'),
(288, 63, '2014-06-16', 10216, '2013-06-10', 'admin'),
(289, 44, '2014-06-16', 8450, '2013-06-10', 'admin'),
(290, 39, '2014-06-16', 5500, '2013-06-10', 'admin'),
(291, 12, '2014-06-16', 7000, '2013-06-11', 'admin'),
(292, 33, '2014-06-16', 5300, '2013-06-12', 'admin'),
(293, 11, '2014-06-16', 8400, '2013-06-12', 'admin'),
(294, 8, '2014-06-16', 9600, '2013-06-12', 'admin'),
(295, 43, '2014-06-16', 150000, '2013-06-12', 'admin'),
(296, 35, '2014-06-16', 8610, '2013-06-12', 'admin'),
(297, 5, '2014-06-16', 9650, '2013-06-13', 'admin'),
(298, 16, '2014-06-16', 9650, '2013-06-13', 'admin'),
(299, 25, '2014-06-16', 8500, '2013-06-14', 'admin'),
(300, 53, '2014-06-16', 10000, '2013-06-14', 'admin'),
(301, 36, '2014-06-16', 5575, '2013-06-14', 'admin'),
(302, 52, '2014-06-16', 9000, '2013-06-14', 'admin'),
(303, 14, '2014-06-16', 9500, '2013-06-17', 'admin'),
(304, 7, '2014-06-16', 34870, '2013-06-17', 'admin'),
(305, 31, '2014-06-16', 11000, '2013-06-17', 'admin'),
(306, 41, '2014-06-16', 10000, '2013-06-17', 'admin'),
(307, 13, '2014-06-16', 11000, '2013-06-18', 'admin'),
(308, 40, '2014-06-16', 10000, '2013-06-19', 'admin'),
(309, 47, '2014-06-16', 10000, '2013-06-19', 'admin'),
(310, 62, '2014-06-16', 20000, '2013-06-21', 'admin'),
(311, 16, '2014-06-16', 9650, '2013-06-21', 'admin'),
(312, 46, '2014-06-16', 10000, '2013-06-24', 'admin'),
(313, 58, '2014-06-16', 9650, '2013-06-27', 'admin'),
(314, 26, '2014-06-16', 12250, '2013-07-01', 'admin'),
(315, 2, '2014-06-16', 10000, '2013-07-02', 'admin'),
(316, 4, '2014-06-16', 10000, '2013-07-02', 'admin'),
(317, 30, '2014-06-16', 20000, '2013-07-03', 'admin'),
(318, 61, '2014-06-16', 9500, '2013-07-03', 'admin'),
(319, 3, '2014-06-16', 10000, '2013-07-03', 'admin'),
(320, 24, '2014-06-16', 5650, '2013-07-04', 'admin'),
(321, 32, '2014-06-16', 8350, '2013-07-04', 'admin'),
(322, 27, '2014-06-16', 5550, '2013-07-04', 'admin'),
(323, 37, '2014-06-16', 8500, '2013-07-04', 'admin'),
(324, 19, '2014-06-16', 9650, '2013-07-05', 'admin'),
(325, 38, '2014-06-16', 9500, '2013-07-05', 'admin'),
(326, 7, '2014-06-16', 9650, '2013-07-05', 'admin'),
(327, 50, '2014-06-16', 11000, '2013-07-08', 'admin'),
(328, 48, '2014-06-16', 5650, '2013-07-08', 'admin'),
(329, 49, '2014-06-16', 9650, '2013-07-08', 'admin'),
(330, 28, '2014-06-16', 10900, '2013-07-08', 'admin'),
(331, 23, '2014-06-16', 9650, '2013-07-08', 'admin'),
(332, 22, '2014-06-16', 9563, '2013-07-08', 'admin'),
(333, 44, '2014-06-16', 8450, '2013-07-08', 'admin'),
(334, 39, '2014-06-16', 5500, '2013-07-08', 'admin'),
(335, 54, '2014-06-16', 6900, '2013-07-08', 'admin'),
(336, 13, '2014-06-16', 11000, '2013-07-09', 'admin'),
(337, 10, '2014-06-16', 46800, '2013-07-09', 'admin'),
(338, 12, '2014-06-16', 7000, '2013-07-09', 'admin'),
(339, 45, '2014-06-16', 5478, '2013-07-10', 'admin'),
(340, 18, '2014-06-16', 6900, '2013-07-10', 'admin'),
(341, 57, '2014-06-16', 7000, '2013-07-10', 'admin'),
(342, 8, '2014-06-16', 9600, '2013-07-10', 'admin'),
(343, 63, '2014-06-16', 6800, '2013-07-10', 'admin'),
(344, 59, '2014-06-16', 9650, '2013-07-10', 'admin'),
(345, 65, '2014-06-16', 7976, '2013-07-10', 'admin'),
(346, 25, '2014-06-16', 8500, '2013-07-11', 'admin'),
(347, 16, '2014-06-16', 9650, '2013-07-11', 'admin'),
(348, 25, '2014-06-16', 8500, '2013-07-12', 'admin'),
(349, 36, '2014-06-16', 5575, '2013-07-12', 'admin'),
(350, 41, '2014-06-16', 10000, '2013-07-12', 'admin'),
(351, 33, '2014-06-16', 5300, '2013-07-12', 'admin'),
(352, 17, '2014-06-16', 8400, '2013-07-12', 'admin'),
(353, 55, '2014-06-16', 10000, '2013-07-15', 'admin'),
(354, 5, '2014-06-16', 9650, '2013-07-15', 'admin'),
(355, 53, '2014-06-16', 10000, '2031-07-15', 'admin'),
(356, 14, '2014-06-16', 9500, '2013-07-15', 'admin'),
(357, 11, '2014-06-16', 8400, '2013-07-16', 'admin'),
(358, 40, '2014-06-16', 10000, '2013-07-16', 'admin'),
(359, 35, '2014-06-16', 8400, '2013-07-17', 'admin'),
(360, 31, '2014-06-16', 11000, '2013-07-18', 'admin'),
(361, 47, '2014-06-16', 10000, '2013-07-19', 'admin'),
(362, 3, '2014-06-16', 13000, '2013-07-19', 'admin'),
(363, 62, '2014-06-16', 10000, '2013-07-19', 'admin'),
(364, 58, '2014-06-16', 9650, '2013-07-22', 'admin'),
(365, 20, '2014-06-16', 19000, '2013-07-23', 'admin'),
(366, 46, '2014-06-16', 10000, '2013-07-24', 'admin'),
(367, 34, '2014-06-16', 16800, '2013-07-29', 'admin'),
(368, 37, '2014-06-16', 9770, '2013-07-31', 'admin'),
(369, 19, '2014-06-16', 9650, '2013-08-05', 'admin'),
(370, 3, '2014-06-16', 13000, '2013-08-05', 'admin'),
(371, 38, '2014-06-16', 9500, '2013-08-05', 'admin'),
(372, 4, '2014-06-16', 10000, '2013-08-05', 'admin'),
(373, 54, '2014-06-16', 6900, '2013-08-06', 'admin'),
(374, 61, '2014-06-16', 9500, '2013-08-06', 'admin'),
(375, 7, '2014-06-16', 9650, '2013-08-06', 'admin'),
(376, 15, '2014-06-16', 15000, '2013-08-06', 'admin'),
(377, 44, '2014-06-16', 8450, '2013-08-07', 'admin'),
(378, 2, '2014-06-16', 10000, '2013-08-07', 'admin'),
(379, 30, '2014-06-16', 10000, '2013-08-07', 'admin'),
(380, 27, '2014-06-16', 5550, '2013-08-07', 'admin'),
(381, 23, '2014-06-16', 9650, '2013-08-08', 'admin'),
(382, 48, '2014-06-16', 5650, '2013-08-08', 'admin'),
(383, 22, '2014-06-16', 9563, '2013-08-08', 'admin'),
(384, 50, '2014-06-16', 11000, '2013-08-08', 'admin'),
(385, 49, '2014-06-16', 9650, '2013-08-08', 'admin'),
(386, 28, '2014-06-16', 10900, '2013-08-08', 'admin'),
(387, 39, '2014-06-16', 5500, '2013-08-08', 'admin'),
(388, 24, '2014-06-16', 5650, '2013-08-08', 'admin'),
(389, 10, '2014-06-16', 10900, '2013-08-08', 'admin'),
(390, 16, '2014-06-16', 9650, '2013-08-09', 'admin'),
(391, 18, '2014-06-16', 6900, '2013-08-12', 'admin'),
(392, 45, '2014-06-16', 5478, '2013-08-12', 'admin'),
(393, 57, '2014-06-16', 7000, '2013-08-12', 'admin'),
(394, 25, '2014-06-16', 8500, '2013-08-12', 'admin'),
(395, 63, '2014-06-16', 6800, '2013-08-12', 'admin'),
(396, 65, '2014-06-16', 7976, '2013-08-12', 'admin'),
(397, 33, '2014-06-16', 5300, '2013-08-12', 'admin'),
(398, 59, '2014-06-16', 9650, '2013-08-12', 'admin'),
(399, 55, '2014-06-16', 10000, '2013-08-13', 'admin'),
(400, 5, '2014-06-16', 9650, '2013-08-13', 'admin'),
(401, 11, '2014-06-16', 8400, '2013-08-13', 'admin'),
(402, 8, '2014-06-16', 9600, '2013-08-13', 'admin'),
(403, 35, '2014-06-16', 8400, '2013-08-13', 'admin'),
(404, 12, '2014-06-16', 7000, '2013-08-13', 'admin'),
(405, 53, '2014-06-16', 10000, '2013-08-14', 'admin'),
(406, 52, '2014-06-16', 9000, '2013-08-14', 'admin'),
(407, 1, '2014-06-16', 40000, '2013-08-14', 'admin'),
(408, 13, '2014-06-16', 11000, '2013-08-14', 'admin'),
(409, 14, '2014-06-16', 15000, '2013-08-15', 'admin'),
(410, 31, '2014-06-16', 11000, '2013-08-21', 'admin'),
(411, 62, '2014-06-16', 10000, '2013-08-22', 'admin'),
(412, 47, '2014-06-16', 10000, '2013-08-22', 'admin'),
(413, 46, '2014-06-16', 10000, '2013-08-24', 'admin'),
(414, 58, '2014-06-16', 9650, '2013-08-26', 'admin'),
(415, 40, '2014-06-16', 10000, '2013-08-27', 'admin'),
(416, 34, '2014-06-16', 8400, '2013-08-28', 'admin'),
(417, 37, '2014-06-16', 8500, '2013-08-30', 'admin'),
(418, 61, '2014-06-16', 9500, '2013-09-04', 'admin'),
(419, 2, '2014-06-16', 10000, '2013-09-04', 'admin'),
(420, 24, '2014-06-16', 5650, '2013-09-04', 'admin'),
(421, 19, '2014-06-16', 9650, '2013-09-05', 'admin'),
(422, 38, '2014-06-16', 9500, '2013-09-05', 'admin'),
(423, 27, '2014-06-16', 5550, '2013-09-05', 'admin'),
(424, 60, '2014-06-16', 5650, '2013-09-05', 'admin'),
(425, 60, '2014-06-16', 5650, '2013-09-06', 'admin'),
(426, 32, '2014-06-16', 8350, '2013-09-06', 'admin'),
(427, 54, '2014-06-16', 6900, '2013-09-06', 'admin'),
(428, 23, '2014-06-16', 9650, '2013-09-09', 'admin'),
(429, 50, '2014-06-16', 11000, '2013-09-09', 'admin'),
(430, 48, '2014-06-16', 5650, '2013-09-09', 'admin'),
(431, 49, '2014-06-16', 9650, '2013-09-09', 'admin'),
(432, 28, '2014-06-16', 10900, '2013-09-09', 'admin'),
(433, 39, '2014-06-16', 5500, '2013-09-09', 'admin'),
(434, 10, '2014-06-16', 10900, '2013-09-09', 'admin'),
(435, 16, '2014-06-16', 9650, '2013-09-09', 'admin'),
(436, 22, '2014-06-16', 9563, '2013-09-09', 'admin'),
(437, 18, '2014-06-16', 6900, '2013-09-10', 'admin'),
(438, 45, '2014-06-16', 5478, '2013-09-10', 'admin'),
(439, 57, '2014-06-16', 7000, '2013-09-10', 'admin'),
(440, 13, '2014-06-16', 11000, '2013-09-10', 'admin'),
(441, 31, '2014-06-16', 11000, '2013-09-10', 'admin'),
(442, 7, '2014-06-16', 9650, '2013-09-10', 'admin'),
(443, 59, '2014-06-16', 9650, '2013-09-10', 'admin'),
(444, 34, '2014-06-16', 8400, '2013-09-10', 'admin'),
(445, 65, '2014-06-16', 7976, '2013-09-10', 'admin'),
(446, 63, '2014-06-16', 6800, '2013-09-10', 'admin'),
(447, 1, '2014-06-16', 10000, '2013-09-10', 'admin'),
(448, 43, '2014-06-16', 11000, '2013-09-11', 'admin'),
(449, 20, '2014-06-16', 9500, '2013-09-11', 'admin'),
(450, 12, '2014-06-16', 7000, '2013-09-11', 'admin'),
(451, 25, '2014-06-16', 8500, '2013-09-12', 'admin'),
(452, 33, '2014-06-16', 5300, '2013-09-12', 'admin'),
(453, 8, '2014-06-16', 9600, '2013-09-12', 'admin'),
(454, 55, '2014-06-16', 10000, '2013-09-13', 'admin'),
(455, 5, '2014-06-16', 9650, '2013-09-13', 'admin'),
(456, 17, '2014-06-16', 8400, '2013-09-13', 'admin'),
(457, 53, '2014-06-16', 10000, '2013-09-16', 'admin'),
(458, 14, '2014-06-16', 15000, '2013-09-16', 'admin'),
(459, 38, '2014-06-16', 26000, '2013-09-16', 'admin'),
(460, 35, '2014-06-16', 8400, '2013-09-16', 'admin'),
(461, 44, '2014-06-16', 8450, '2013-09-16', 'admin'),
(462, 40, '2014-06-16', 20000, '2013-09-16', 'admin'),
(463, 52, '2014-06-16', 9000, '2013-09-16', 'admin'),
(464, 13, '2014-06-16', 66000, '2013-09-17', 'admin'),
(465, 9, '2014-06-16', 5528, '2013-09-17', 'admin'),
(466, 9, '2014-06-16', 5528, '2013-09-17', 'admin'),
(467, 11, '2014-06-16', 8400, '2013-09-17', 'admin'),
(468, 26, '2014-06-16', 21700, '2013-09-18', 'admin'),
(469, 47, '2014-06-16', 10000, '2013-09-19', 'admin'),
(470, 56, '2014-06-16', 57600, '2013-09-19', 'admin'),
(471, 41, '2014-06-16', 20000, '2013-09-20', 'admin'),
(472, 36, '2014-06-16', 5575, '2013-09-20', 'admin'),
(473, 3, '2014-06-16', 12000, '2013-09-20', 'admin'),
(474, 10, '2014-06-16', 20600, '2013-09-23', 'admin'),
(475, 46, '2014-06-16', 10000, '2013-09-24', 'admin'),
(476, 60, '2014-06-16', 5650, '2013-09-25', 'admin'),
(477, 58, '2014-06-16', 9650, '2013-09-27', 'admin'),
(478, 37, '2014-06-16', 8500, '2013-09-30', 'admin'),
(479, 32, '2014-06-16', 8350, '2013-10-01', 'admin'),
(480, 4, '2014-06-16', 15000, '2013-10-01', 'admin'),
(481, 2, '2014-06-16', 20000, '2013-10-02', 'admin'),
(482, 3, '2014-06-16', 10000, '2013-10-03', 'admin'),
(483, 31, '2014-06-16', 11000, '2013-10-03', 'admin'),
(484, 62, '2014-06-16', 20000, '2013-10-03', 'admin'),
(485, 61, '2014-06-16', 9500, '2013-01-04', 'admin'),
(486, 19, '2014-06-16', 9650, '2013-10-07', 'admin'),
(487, 54, '2014-06-16', 6900, '2013-10-07', 'admin'),
(488, 7, '2014-06-16', 9650, '2013-10-07', 'admin'),
(489, 38, '2014-06-16', 9500, '2013-10-07', 'admin'),
(490, 27, '2014-06-16', 5550, '2013-10-07', 'admin'),
(491, 23, '2014-06-16', 9650, '2013-10-08', 'admin'),
(492, 49, '2014-06-16', 9650, '2013-10-08', 'admin'),
(493, 28, '2014-06-16', 10900, '2013-10-08', 'admin'),
(494, 50, '2014-06-16', 11000, '2013-01-08', 'admin'),
(495, 48, '2014-06-16', 5650, '2013-10-08', 'admin'),
(496, 22, '2014-06-16', 9563, '2013-10-08', 'admin'),
(497, 44, '2014-06-16', 8450, '2013-10-08', 'admin'),
(498, 24, '2014-06-16', 5650, '2013-10-08', 'admin'),
(499, 16, '2014-06-16', 9650, '2013-10-08', 'admin'),
(500, 39, '2014-06-16', 5500, '2013-10-08', 'admin'),
(501, 43, '2014-06-16', 22000, '2013-10-09', 'admin'),
(502, 30, '2014-06-16', 20000, '2013-10-09', 'admin'),
(503, 13, '2014-06-16', 11000, '2013-10-09', 'admin'),
(504, 20, '2014-06-16', 10000, '2013-10-09', 'admin'),
(505, 45, '2014-06-16', 5478, '2013-10-10', 'admin'),
(506, 18, '2014-06-16', 6900, '2013-10-10', 'admin'),
(507, 57, '2014-06-16', 7000, '2013-10-10', 'admin'),
(508, 32, '2014-06-16', 8350, '2013-10-10', 'admin'),
(509, 36, '2014-06-16', 5575, '2013-10-10', 'admin'),
(510, 34, '2014-06-16', 8400, '2013-10-10', 'admin'),
(511, 59, '2014-06-16', 9650, '2013-10-10', 'admin'),
(512, 65, '2014-06-16', 7976, '2013-10-10', 'admin'),
(513, 63, '2014-06-16', 6800, '2013-10-10', 'admin'),
(514, 60, '2014-06-16', 5650, '2013-10-11', 'admin'),
(515, 25, '2014-06-16', 8500, '2013-10-14', 'admin'),
(516, 55, '2014-06-16', 10000, '2013-10-14', 'admin'),
(517, 5, '2014-06-16', 9650, '2013-10-14', 'admin'),
(518, 53, '2014-06-16', 10000, '2013-10-14', 'admin'),
(519, 41, '2014-06-16', 10000, '2013-10-14', 'admin'),
(520, 11, '2014-06-16', 8400, '2013-10-14', 'admin'),
(521, 35, '2014-06-16', 8400, '2013-10-14', 'admin'),
(522, 33, '2014-06-16', 5300, '2013-10-14', 'admin'),
(523, 52, '2014-06-16', 9000, '2013-10-14', 'admin'),
(524, 14, '2014-06-16', 15000, '2013-10-15', 'admin'),
(525, 12, '2014-06-16', 7000, '2013-10-15', 'admin'),
(526, 8, '2014-06-16', 9600, '2013-10-15', 'admin'),
(527, 40, '2014-06-16', 20000, '2013-10-15', 'admin'),
(528, 47, '2014-06-16', 10000, '2013-10-22', 'admin'),
(529, 46, '2014-06-16', 10000, '2013-10-24', 'admin'),
(530, 26, '2014-06-16', 21700, '2013-10-28', 'admin'),
(531, 4, '2014-06-16', 5000, '2013-11-04', 'admin'),
(532, 62, '2014-06-16', 10000, '2013-11-04', 'admin'),
(533, 19, '2014-06-16', 9650, '2013-11-05', 'admin'),
(534, 38, '2014-06-16', 9500, '2013-11-05', 'admin'),
(535, 58, '2014-06-16', 9650, '2013-11-05', 'admin'),
(536, 37, '2014-06-16', 8500, '2013-11-05', 'admin'),
(537, 54, '2014-06-16', 6900, '2013-11-06', 'admin'),
(538, 61, '2014-06-16', 9500, '2013-11-06', 'admin'),
(539, 30, '2014-06-16', 10000, '2013-11-06', 'admin'),
(540, 44, '2014-06-16', 8450, '2013-11-06', 'admin'),
(541, 27, '2014-06-16', 5550, '2013-11-06', 'admin'),
(542, 13, '2014-06-16', 11000, '2013-11-07', 'admin'),
(543, 24, '2014-06-16', 5650, '2013-11-07', 'admin'),
(544, 50, '2014-06-16', 11000, '2013-11-08', 'admin'),
(545, 48, '2014-06-16', 5650, '2013-11-08', 'admin'),
(546, 22, '2014-06-16', 9563, '2013-11-08', 'admin'),
(547, 49, '2014-06-16', 9650, '2013-11-08', 'admin'),
(548, 36, '2014-06-16', 5575, '2013-11-08', 'admin'),
(549, 3, '2014-06-16', 10000, '2013-11-08', 'admin'),
(550, 32, '2014-06-16', 8350, '2013-11-08', 'admin'),
(551, 39, '2014-06-16', 5500, '2013-11-08', 'admin'),
(552, 28, '2014-06-16', 10900, '2013-11-08', 'admin'),
(553, 23, '2014-06-16', 9650, '2013-11-08', 'admin'),
(554, 45, '2014-06-16', 5478, '2013-11-11', 'admin'),
(555, 18, '2014-06-16', 6900, '2013-11-11', 'admin'),
(556, 57, '2014-06-16', 7000, '2013-11-11', 'admin'),
(557, 34, '2014-06-16', 8400, '2013-11-11', 'admin'),
(558, 59, '2014-06-16', 9650, '2013-11-11', 'admin'),
(559, 65, '2014-06-16', 7976, '2013-11-11', 'admin'),
(560, 63, '2014-06-16', 6800, '2013-11-11', 'admin'),
(561, 7, '2014-06-16', 9650, '2013-11-11', 'admin'),
(562, 11, '2014-06-16', 8400, '2013-11-11', 'admin'),
(563, 10, '2014-06-16', 9600, '2013-11-11', 'admin'),
(564, 12, '2014-06-16', 7000, '2013-11-11', 'admin'),
(565, 25, '2014-06-16', 8500, '2013-11-12', 'admin'),
(566, 17, '2014-06-16', 16800, '2013-11-12', 'admin'),
(567, 16, '2014-06-16', 9650, '2013-11-12', 'admin'),
(568, 33, '2014-06-16', 5300, '2013-11-12', 'admin'),
(569, 55, '2014-06-16', 10000, '2013-11-13', 'admin'),
(570, 5, '2014-06-16', 9650, '2013-11-13', 'admin'),
(571, 8, '2014-06-16', 9600, '2013-11-13', 'admin'),
(572, 53, '2014-06-16', 10000, '2013-11-14', 'admin'),
(573, 52, '2014-06-16', 9000, '2013-11-14', 'admin'),
(574, 14, '2014-06-16', 15000, '2013-11-15', 'admin'),
(575, 60, '2014-06-16', 5650, '2013-11-15', 'admin'),
(576, 41, '2014-06-16', 10000, '2013-11-19', 'admin'),
(577, 47, '2014-06-16', 10000, '2013-11-19', 'admin'),
(578, 35, '2014-06-16', 8400, '2013-11-19', 'admin'),
(579, 46, '2014-06-16', 10000, '2013-11-25', 'admin'),
(580, 20, '2014-06-16', 10000, '2013-11-26', 'admin'),
(581, 58, '2014-06-16', 9650, '2013-11-29', 'admin'),
(582, 37, '2014-06-16', 8500, '2013-12-02', 'admin'),
(583, 30, '2014-06-16', 10000, '2013-12-04', 'admin'),
(584, 35, '2014-06-16', 8400, '2013-12-04', 'admin'),
(585, 4, '2014-06-16', 10000, '2013-12-04', 'admin'),
(586, 19, '2014-06-16', 9650, '2013-12-05', 'admin'),
(587, 40, '2014-06-16', 10000, '2013-12-05', 'admin'),
(588, 2, '2014-06-16', 10000, '2013-12-05', 'admin'),
(589, 24, '2014-06-16', 5650, '2013-12-05', 'admin'),
(590, 38, '2014-06-16', 9500, '2013-12-05', 'admin'),
(591, 36, '2014-06-16', 5575, '2013-12-06', 'admin'),
(592, 61, '2014-06-16', 9500, '2013-12-06', 'admin'),
(593, 32, '2014-06-16', 8350, '2013-12-06', 'admin'),
(594, 54, '2014-06-16', 6900, '2013-12-06', 'admin'),
(595, 23, '2014-06-16', 9650, '2013-12-09', 'admin'),
(596, 50, '2014-06-16', 11000, '2013-12-09', 'admin'),
(597, 49, '2014-06-16', 9650, '2013-12-09', 'admin'),
(598, 28, '2014-06-16', 10900, '2013-12-09', 'admin'),
(599, 48, '2014-06-16', 5650, '2013-12-09', 'admin'),
(600, 22, '2014-06-16', 9563, '2013-12-09', 'admin'),
(601, 27, '2014-06-16', 5550, '2013-12-09', 'admin'),
(602, 16, '2014-06-16', 9650, '2013-12-09', 'admin'),
(603, 44, '2014-06-16', 8450, '2013-12-09', 'admin'),
(604, 7, '2014-06-16', 9650, '2013-12-09', 'admin'),
(605, 39, '2014-06-16', 5500, '2013-12-09', 'admin'),
(606, 10, '2014-06-16', 9650, '2013-12-09', 'admin'),
(607, 18, '2014-06-16', 6900, '2013-12-10', 'admin'),
(608, 45, '2014-06-16', 5478, '2013-12-10', 'admin'),
(609, 57, '2014-06-16', 7000, '2013-12-10', 'admin'),
(610, 59, '2014-06-16', 9650, '2013-12-10', 'admin'),
(611, 65, '2014-06-16', 7976, '2013-12-10', 'admin'),
(612, 34, '2014-06-16', 8400, '2013-12-10', 'admin'),
(613, 63, '2014-06-16', 6800, '2013-12-10', 'admin'),
(614, 12, '2014-06-16', 7000, '2013-12-10', 'admin'),
(615, 11, '2014-06-16', 8400, '2013-12-11', 'admin'),
(616, 8, '2014-06-16', 9600, '2013-12-11', 'admin'),
(617, 25, '2014-06-16', 8500, '2013-12-12', 'admin'),
(618, 33, '2014-06-16', 5300, '2013-12-12', 'admin'),
(619, 13, '2014-06-16', 11000, '2013-12-12', 'admin'),
(620, 55, '2014-06-16', 10000, '2013-12-13', 'admin'),
(621, 5, '2014-06-16', 9650, '2013-12-13', 'admin'),
(622, 53, '2014-06-16', 10000, '2013-12-16', 'admin'),
(623, 14, '2014-06-16', 15000, '2013-12-16', 'admin'),
(624, 52, '2014-06-16', 9000, '2013-12-16', 'admin'),
(625, 60, '2014-06-16', 5650, '2013-12-17', 'admin'),
(626, 42, '2014-06-16', 16725, '2013-12-18', 'admin'),
(627, 47, '2014-06-16', 10000, '2013-12-18', 'admin'),
(628, 20, '2014-06-16', 10000, '2013-12-18', 'admin'),
(629, 41, '2014-06-16', 10000, '2013-12-21', 'admin'),
(630, 46, '2014-06-16', 10000, '2013-12-23', 'admin'),
(631, 26, '2014-06-16', 32550, '2013-12-30', 'admin'),
(632, 37, '2014-06-16', 8500, '2013-12-31', 'admin'),
(633, 12, '2014-06-23', 7000, '2014-02-13', 'joe956'),
(634, 12, '2014-06-23', 7000, '2014-03-21', 'joe956'),
(635, 12, '2014-06-23', 7000, '2014-05-09', 'joe956'),
(636, 2, '2014-06-24', 20000, '2014-01-06', 'joe956'),
(637, 13, '2014-06-24', 1900, '2014-01-06', 'joe956'),
(638, 19, '2014-06-24', 9650, '2014-01-06', 'joe956'),
(639, 27, '2014-06-24', 5550, '2014-01-06', 'joe956'),
(640, 38, '2014-06-24', 9500, '2014-01-06', 'joe956'),
(641, 54, '2014-06-24', 6900, '2014-01-06', 'joe956'),
(642, 44, '2014-06-24', 8450, '2014-01-07', 'joe956'),
(643, 61, '2014-06-24', 9500, '2014-01-07', 'joe956'),
(644, 1, '2014-06-24', 10000, '2014-01-08', 'joe956'),
(645, 23, '2014-06-24', 9650, '2014-01-08', 'joe956'),
(646, 48, '2014-06-24', 5650, '2014-01-08', 'joe956'),
(647, 22, '2014-06-24', 9653, '2014-01-08', 'joe956'),
(648, 50, '2014-06-24', 11000, '2014-01-08', 'joe956'),
(649, 49, '2014-06-24', 9650, '2014-01-08', 'joe956'),
(650, 28, '2014-06-24', 10900, '2014-01-08', 'joe956'),
(651, 10, '2014-06-24', 9650, '2014-01-09', 'joe956'),
(652, 8, '2014-06-24', 9600, '2014-01-10', 'joe956'),
(653, 18, '2014-06-24', 6900, '2014-01-10', 'joe956'),
(654, 45, '2014-06-24', 5478, '2014-01-10', 'joe956'),
(655, 57, '2014-06-24', 7000, '2014-01-10', 'joe956'),
(656, 63, '2014-06-24', 6800, '2014-01-10', 'joe956'),
(657, 59, '2014-06-24', 9650, '2014-01-10', 'joe956'),
(658, 34, '2014-06-24', 8400, '2014-01-10', 'joe956'),
(659, 65, '2014-06-24', 7976, '2014-01-10', 'joe956'),
(660, 25, '2014-06-24', 8500, '2014-01-13', 'joe956'),
(661, 5, '2014-06-24', 9650, '2014-01-13', 'joe956'),
(662, 55, '2014-06-24', 10000, '2014-01-13', 'joe956'),
(663, 7, '2014-06-24', 9650, '2014-01-13', 'joe956'),
(664, 33, '2014-06-24', 5300, '2014-01-13', 'joe956'),
(665, 16, '2014-06-24', 9650, '2014-01-14', 'joe956'),
(666, 53, '2014-06-24', 10000, '2014-01-14', 'joe956'),
(667, 52, '2014-06-24', 9000, '2014-01-14', 'joe956'),
(668, 3, '2014-06-24', 10000, '2014-01-15', 'joe956'),
(669, 14, '2014-06-24', 15000, '2014-01-15', 'joe956'),
(670, 36, '2014-06-24', 5575, '2014-01-16', 'joe956'),
(671, 40, '2014-06-24', 10000, '2014-01-16', 'joe956'),
(672, 11, '2014-06-24', 8400, '2014-01-16', 'joe956'),
(673, 24, '2014-06-24', 5650, '2014-01-16', 'joe956'),
(674, 35, '2014-06-24', 8400, '2014-01-17', 'joe956'),
(675, 20, '2014-06-24', 10000, '2014-01-21', 'joe956'),
(676, 32, '2014-06-24', 8350, '2014-01-22', 'joe956'),
(677, 47, '2014-06-24', 10000, '2014-01-22', 'joe956'),
(678, 41, '2014-06-24', 10000, '2014-01-28', 'joe956'),
(679, 60, '2014-06-24', 5650, '2014-01-28', 'joe956'),
(680, 37, '2014-06-24', 8500, '2014-01-31', 'joe956'),
(681, 4, '2014-06-24', 10000, '2014-02-04', 'joe956'),
(682, 19, '2014-06-24', 9650, '2014-02-05', 'joe956'),
(683, 44, '2014-06-24', 8450, '2014-02-06', 'joe956'),
(684, 61, '2014-06-24', 9500, '2014-02-06', 'joe956'),
(685, 27, '2014-06-24', 5550, '2014-02-06', 'joe956'),
(686, 54, '2014-06-24', 6900, '2014-02-06', 'joe956'),
(687, 32, '2014-06-24', 8350, '2014-02-07', 'joe956'),
(688, 56, '2014-06-24', 57600, '2014-02-10', 'joe956'),
(689, 62, '2014-06-24', 30000, '2014-02-10', 'joe956'),
(690, 23, '2014-06-24', 9650, '2014-02-10', 'joe956'),
(691, 49, '2014-06-24', 9650, '2014-02-10', 'joe956'),
(692, 28, '2014-06-24', 10900, '2014-02-10', 'joe956'),
(693, 50, '2014-06-24', 11000, '2014-02-10', 'joe956'),
(694, 48, '2014-06-24', 5650, '2014-02-10', 'joe956'),
(695, 22, '2014-06-24', 9563, '2014-02-10', 'joe956'),
(696, 18, '2014-06-24', 6900, '2014-02-10', 'joe956'),
(697, 57, '2014-06-24', 7000, '2014-02-10', 'joe956'),
(698, 65, '2014-06-24', 7976, '2014-02-10', 'joe956'),
(699, 59, '2014-06-24', 9650, '2014-02-10', 'joe956'),
(700, 34, '2014-06-24', 8400, '2014-02-10', 'joe956'),
(701, 63, '2014-06-24', 6800, '2014-02-10', 'joe956'),
(702, 16, '2014-06-24', 9650, '2014-02-11', 'joe956'),
(703, 11, '2014-06-24', 8400, '2014-02-11', 'joe956'),
(704, 31, '2014-06-24', 11000, '2014-02-11', 'joe956'),
(705, 31, '2014-06-24', 11000, '2014-02-11', 'joe956'),
(706, 38, '2014-06-24', 10500, '2014-02-11', 'joe956'),
(707, 25, '2014-06-24', 8500, '2014-02-12', 'joe956'),
(708, 33, '2014-06-24', 5300, '2014-02-12', 'joe956'),
(709, 17, '2014-06-24', 16800, '2014-02-12', 'joe956'),
(710, 35, '2014-06-24', 8400, '2014-02-12', 'joe956'),
(711, 24, '2014-06-24', 5650, '2014-02-13', 'joe956'),
(712, 13, '2014-06-24', 1700, '2014-02-13', 'joe956'),
(713, 13, '2014-06-24', 3200, '2014-02-13', 'joe956'),
(714, 8, '2014-06-24', 9600, '2014-02-13', 'joe956'),
(715, 55, '2014-06-24', 10000, '2014-02-13', 'joe956'),
(716, 5, '2014-06-24', 9650, '2014-02-13', 'joe956'),
(717, 53, '2014-06-24', 10000, '2014-02-14', 'joe956'),
(718, 52, '2014-06-24', 9000, '2014-02-14', 'joe956'),
(719, 14, '2014-06-24', 15000, '2014-02-17', 'joe956'),
(720, 38, '2014-06-24', 10500, '2014-02-17', 'joe956'),
(721, 47, '2014-06-24', 10000, '2014-02-18', 'joe956'),
(722, 36, '2014-06-24', 5575, '2014-02-19', 'joe956'),
(723, 30, '2014-06-24', 1000, '2014-02-19', 'joe956'),
(724, 20, '2014-06-24', 10000, '2014-02-19', 'joe956'),
(725, 60, '2014-06-24', 5650, '2014-02-20', 'joe956'),
(726, 3, '2014-06-24', 10000, '2014-02-20', 'joe956'),
(727, 41, '2014-06-24', 10000, '2014-02-25', 'joe956'),
(728, 58, '2014-06-24', 9650, '2014-02-26', 'joe956'),
(729, 58, '2014-06-24', 9650, '2014-02-26', 'joe956'),
(730, 43, '2014-06-24', 11000, '2014-02-26', 'joe956'),
(731, 43, '2014-06-24', 11000, '2014-02-26', 'joe956'),
(732, 37, '2014-06-24', 8500, '2014-02-28', 'joe956'),
(733, 4, '2014-06-24', 10000, '2014-03-03', 'joe956'),
(734, 19, '2014-06-24', 9650, '2014-03-05', 'joe956'),
(735, 27, '2014-06-24', 5550, '2014-03-05', 'joe956'),
(736, 61, '2014-06-24', 9500, '2014-03-06', 'joe956'),
(737, 54, '2014-06-24', 6900, '2014-03-06', 'joe956'),
(738, 31, '2014-06-24', 11000, '2014-03-06', 'joe956'),
(739, 32, '2014-06-24', 8350, '2014-03-07', 'joe956'),
(740, 42, '2014-06-24', 16725, '2014-03-07', 'joe956'),
(741, 62, '2014-06-24', 10000, '2014-03-10', 'joe956'),
(742, 50, '2014-06-24', 11000, '2014-03-10', 'joe956'),
(743, 49, '2014-06-24', 9650, '2014-03-10', 'joe956'),
(744, 28, '2014-06-24', 10900, '2014-03-10', 'joe956'),
(745, 48, '2014-06-24', 5650, '2014-03-10', 'joe956'),
(746, 22, '2014-06-24', 9563, '2014-03-10', 'joe956'),
(747, 23, '2014-06-24', 9650, '2014-03-10', 'joe956'),
(748, 45, '2014-06-24', 5478, '2014-03-10', 'joe956'),
(749, 18, '2014-06-24', 6900, '2014-03-10', 'joe956'),
(750, 57, '2014-06-24', 7000, '2014-03-10', 'joe956'),
(751, 63, '2014-06-24', 6800, '2014-03-10', 'joe956'),
(752, 59, '2014-06-24', 9650, '2014-03-10', 'joe956'),
(753, 65, '2014-06-24', 7976, '2014-03-10', 'joe956'),
(754, 34, '2014-06-24', 8400, '2014-03-10', 'joe956'),
(755, 10, '2014-06-24', 9650, '2014-03-10', 'joe956'),
(756, 11, '2014-06-24', 8400, '2014-03-11', 'joe956'),
(757, 36, '2014-06-24', 5575, '2014-03-12', 'joe956'),
(758, 44, '2014-06-24', 8450, '2014-03-12', 'joe956'),
(759, 40, '2014-06-24', 10000, '2014-03-12', 'joe956'),
(760, 16, '2014-06-24', 9650, '2014-03-12', 'joe956'),
(761, 30, '2014-06-24', 10000, '2014-03-12', 'joe956'),
(762, 25, '2014-06-24', 8500, '2014-03-12', 'joe956'),
(763, 33, '2014-06-24', 5300, '2014-03-12', 'joe956'),
(764, 7, '2014-06-24', 9650, '2014-03-12', 'joe956'),
(765, 17, '2014-06-24', 16800, '2014-03-12', 'joe956'),
(766, 13, '2014-06-24', 11000, '2014-03-13', 'joe956'),
(767, 8, '2014-06-24', 9600, '2014-03-13', 'joe956'),
(768, 24, '2014-06-24', 5650, '2014-03-13', 'joe956'),
(769, 55, '2014-06-24', 10000, '2014-03-13', 'joe956'),
(770, 5, '2014-06-24', 9650, '2014-03-13', 'joe956'),
(771, 35, '2014-06-24', 8400, '2014-03-13', 'joe956'),
(772, 40, '2014-06-24', 10000, '2014-03-14', 'joe956'),
(773, 53, '2014-06-24', 10000, '2014-03-14', 'joe956'),
(774, 52, '2014-06-24', 9000, '2014-03-14', 'joe956'),
(775, 3, '2014-06-24', 10000, '2014-03-17', 'joe956'),
(776, 14, '2014-06-24', 15000, '2014-03-17', 'joe956'),
(777, 38, '2014-06-24', 10500, '2014-03-17', 'joe956'),
(778, 20, '2014-06-24', 10000, '2014-03-17', 'joe956'),
(779, 41, '2014-06-24', 10000, '2014-03-19', 'joe956'),
(780, 47, '2014-06-24', 10000, '2014-03-21', 'joe956'),
(781, 60, '2014-06-24', 5650, '2014-03-24', 'joe956'),
(782, 31, '2014-06-24', 11000, '2014-03-24', 'joe956'),
(783, 37, '2014-06-24', 8500, '2014-03-25', 'joe956'),
(784, 58, '2014-06-24', 9650, '2014-03-27', 'joe956'),
(785, 4, '2014-06-24', 10000, '2014-04-01', 'joe956'),
(786, 3, '2014-06-24', 10000, '2014-04-02', 'joe956'),
(787, 61, '2014-06-24', 9500, '2014-04-03', 'joe956'),
(788, 44, '2014-06-24', 8450, '2014-04-04', 'joe956'),
(789, 32, '2014-06-24', 8350, '2014-04-07', 'joe956'),
(790, 19, '2014-06-24', 9650, '2014-04-07', 'joe956'),
(791, 54, '2014-06-24', 6900, '2014-04-07', 'joe956'),
(792, 7, '2014-06-24', 9650, '2014-04-07', 'joe956'),
(793, 27, '2014-06-24', 5550, '2014-04-07', 'joe956'),
(794, 1, '2014-06-24', 10000, '2014-04-08', 'joe956'),
(795, 16, '2014-06-24', 9650, '2014-04-08', 'joe956'),
(796, 23, '2014-06-24', 9650, '2014-04-08', 'joe956'),
(797, 50, '2014-06-24', 11000, '2014-04-08', 'joe956'),
(798, 48, '2014-06-24', 5650, '2014-04-08', 'joe956'),
(799, 22, '2014-06-24', 9563, '2014-04-08', 'joe956'),
(800, 49, '2014-06-24', 9650, '2014-04-08', 'joe956'),
(801, 28, '2014-06-24', 10900, '2014-04-08', 'joe956'),
(802, 10, '2014-06-24', 9650, '2014-04-08', 'joe956'),
(803, 10, '2014-06-24', 9650, '2014-04-08', 'joe956'),
(804, 8, '2014-06-24', 9600, '2014-04-09', 'joe956'),
(805, 20, '2014-06-24', 9500, '2014-04-09', 'joe956'),
(806, 36, '2014-06-24', 5575, '2014-04-10', 'joe956'),
(807, 13, '2014-06-24', 11000, '2014-04-10', 'joe956'),
(808, 45, '2014-06-24', 5478, '2014-04-10', 'joe956'),
(809, 18, '2014-06-24', 6900, '2014-04-10', 'joe956'),
(810, 57, '2014-06-24', 7000, '2014-04-10', 'joe956'),
(811, 59, '2014-06-24', 9650, '2014-04-10', 'joe956'),
(812, 34, '2014-06-24', 8400, '2014-04-10', 'joe956'),
(813, 65, '2014-06-24', 7976, '2014-04-10', 'joe956'),
(814, 63, '2014-06-24', 6800, '2014-04-10', 'joe956'),
(815, 11, '2014-06-24', 8400, '2014-04-14', 'joe956'),
(816, 47, '2014-06-24', 10000, '2014-04-14', 'joe956'),
(817, 25, '2014-06-24', 8500, '2014-04-14', 'joe956'),
(818, 55, '2014-06-24', 10000, '2014-04-14', 'joe956'),
(819, 5, '2014-06-24', 9650, '2014-04-14', 'joe956'),
(820, 53, '2014-06-24', 10000, '2014-04-14', 'joe956'),
(821, 35, '2014-06-24', 8400, '2014-04-14', 'joe956'),
(822, 52, '2014-06-24', 9000, '2014-04-14', 'joe956'),
(823, 33, '2014-06-24', 5300, '2014-04-14', 'joe956'),
(824, 31, '2014-06-24', 11000, '2014-04-14', 'joe956'),
(825, 14, '2014-06-24', 15000, '2014-04-15', 'joe956'),
(826, 38, '2014-06-24', 10500, '2014-04-15', 'joe956'),
(827, 24, '2014-06-24', 5650, '2014-04-16', 'joe956'),
(828, 60, '2014-06-24', 5650, '2014-04-22', 'joe956'),
(829, 10, '2014-06-24', 9650, '2014-04-24', 'joe956'),
(830, 41, '2014-06-24', 10000, '2014-04-28', 'joe956'),
(831, 58, '2014-06-24', 9650, '2014-04-29', 'joe956'),
(832, 30, '2014-06-24', 10000, '2014-04-30', 'joe956'),
(833, 19, '2014-06-24', 9650, '2014-05-05', 'joe956'),
(834, 37, '2014-06-24', 8500, '2014-05-05', 'joe956'),
(835, 39, '2014-06-24', 20000, '2014-05-05', 'joe956'),
(836, 27, '2014-06-24', 5550, '2014-05-05', 'joe956'),
(837, 4, '2014-06-24', 10000, '2014-05-06', 'joe956'),
(838, 39, '2014-06-24', 5500, '2014-05-06', 'joe956'),
(839, 54, '2014-06-24', 6900, '2014-05-06', 'joe956'),
(840, 7, '2014-06-24', 9650, '2014-05-06', 'joe956'),
(841, 7, '2014-06-24', 9650, '2014-05-06', 'joe956'),
(842, 61, '2014-06-24', 9500, '2014-05-07', 'joe956'),
(843, 1, '2014-06-24', 10000, '2014-05-08', 'joe956'),
(844, 24, '2014-06-24', 5650, '2014-05-08', 'joe956'),
(845, 48, '2014-06-24', 5650, '2014-05-08', 'joe956'),
(846, 22, '2014-06-24', 9563, '2014-05-08', 'joe956'),
(847, 23, '2014-06-24', 9650, '2014-05-08', 'joe956'),
(848, 49, '2014-06-24', 9650, '2014-05-08', 'joe956'),
(849, 28, '2014-06-24', 10900, '2014-05-08', 'joe956'),
(850, 50, '2014-06-24', 11000, '2014-05-08', 'joe956'),
(851, 36, '2014-06-24', 5575, '2014-05-09', 'joe956'),
(852, 44, '2014-06-24', 8450, '2014-05-09', 'joe956'),
(853, 11, '2014-06-24', 8400, '2014-05-09', 'joe956'),
(854, 13, '2014-06-24', 11000, '2014-05-10', 'joe956'),
(855, 8, '2014-06-24', 9600, '2014-05-10', 'joe956'),
(856, 45, '2014-06-24', 5478, '2014-05-10', 'joe956'),
(857, 18, '2014-06-24', 6900, '2014-05-10', 'joe956'),
(858, 57, '2014-06-24', 7000, '2014-05-10', 'joe956'),
(859, 34, '2014-06-24', 8400, '2014-05-10', 'joe956'),
(860, 59, '2014-06-24', 9650, '2014-05-10', 'joe956'),
(861, 65, '2014-06-24', 7976, '2014-05-10', 'joe956'),
(862, 20, '2014-06-24', 10000, '2014-05-10', 'joe956'),
(863, 63, '2014-06-24', 6800, '2014-05-10', 'joe956'),
(864, 25, '2014-06-24', 8500, '2014-05-12', 'joe956'),
(865, 33, '2014-06-24', 5300, '2014-05-12', 'joe956'),
(866, 35, '2014-06-24', 8400, '2014-05-12', 'joe956'),
(867, 17, '2014-06-24', 16800, '2014-05-12', 'joe956'),
(868, 55, '2014-06-24', 10000, '2014-05-13', 'joe956'),
(869, 5, '2014-06-24', 9650, '2014-05-13', 'joe956'),
(870, 10, '2014-06-24', 9650, '2014-05-13', 'joe956'),
(871, 53, '2014-06-24', 10000, '2014-05-14', 'joe956'),
(872, 43, '2014-06-24', 11000, '2014-05-15', 'joe956'),
(873, 43, '2014-06-24', 11000, '2014-05-15', 'joe956'),
(874, 14, '2014-06-24', 15000, '2014-05-15', 'joe956'),
(875, 38, '2014-06-24', 10500, '2014-05-15', 'joe956'),
(876, 31, '2014-06-24', 11000, '2014-05-15', 'joe956'),
(877, 32, '2014-06-24', 8350, '2014-05-16', 'joe956'),
(878, 40, '2014-06-24', 10000, '2014-05-16', 'joe956'),
(879, 47, '2014-06-24', 10000, '2014-05-19', 'joe956'),
(880, 16, '2014-06-24', 9650, '2014-05-19', 'joe956'),
(881, 26, '2014-06-24', 21700, '2014-05-19', 'joe956'),
(882, 60, '2014-06-24', 5650, '2014-05-22', 'joe956'),
(883, 41, '2014-06-24', 10000, '2014-05-23', 'joe956'),
(884, 62, '2014-06-24', 20000, '2014-05-23', 'joe956'),
(885, 37, '2014-06-24', 8500, '2014-05-28', 'joe956'),
(886, 58, '2014-06-24', 9650, '2014-05-30', 'joe956'),
(887, 4, '2014-06-24', 10000, '2014-06-02', 'joe956'),
(888, 3, '2014-06-24', 10000, '2014-06-03', 'joe956'),
(889, 27, '2014-06-24', 5550, '2014-06-04', 'joe956'),
(890, 32, '2014-06-24', 8350, '2014-06-05', 'joe956'),
(891, 61, '2014-06-24', 9500, '2014-06-05', 'joe956'),
(892, 24, '2014-06-24', 5650, '2014-06-05', 'joe956'),
(893, 19, '2014-06-24', 9650, '2014-06-05', 'joe956'),
(894, 54, '2014-06-24', 6900, '2014-06-06', 'joe956'),
(895, 39, '2014-06-24', 5500, '2014-06-06', 'joe956'),
(896, 11, '2014-06-24', 8400, '2014-06-10', 'joe956'),
(897, 23, '2014-06-24', 9650, '2014-06-10', 'joe956'),
(898, 49, '2014-06-24', 9650, '2014-06-10', 'joe956'),
(899, 28, '2014-06-24', 10900, '2014-06-10', 'joe956'),
(900, 50, '2014-06-24', 11000, '2014-06-10', 'joe956'),
(901, 48, '2014-06-24', 5650, '2014-06-10', 'joe956'),
(902, 22, '2014-06-24', 9563, '2014-06-10', 'joe956'),
(903, 45, '2014-06-24', 5478, '2014-06-10', 'joe956'),
(904, 18, '2014-06-24', 6900, '2014-06-10', 'joe956'),
(905, 57, '2014-06-24', 7000, '2014-06-10', 'joe956'),
(906, 34, '2014-06-24', 8400, '2014-06-10', 'joe956'),
(907, 59, '2014-06-24', 9650, '2014-06-10', 'joe956'),
(908, 63, '2014-06-24', 6800, '2014-06-10', 'joe956'),
(909, 65, '2014-06-24', 7976, '2014-06-10', 'joe956'),
(910, 7, '2014-06-24', 9650, '2014-06-10', 'joe956'),
(911, 35, '2014-06-24', 8400, '2014-06-10', 'joe956'),
(912, 13, '2014-06-24', 11000, '2014-06-11', 'joe956'),
(913, 8, '2014-06-24', 9600, '2014-06-11', 'joe956'),
(914, 1, '2014-06-24', 10000, '2014-06-11', 'joe956'),
(915, 46, '2014-06-24', 32700, '2014-06-11', 'joe956'),
(916, 62, '2014-06-24', 10000, '2014-06-11', 'joe956'),
(917, 44, '2014-06-24', 8450, '2014-06-11', 'joe956'),
(918, 36, '2014-06-24', 5575, '2014-06-12', 'joe956'),
(919, 40, '2014-06-24', 10000, '2014-06-13', 'joe956'),
(920, 47, '2014-06-24', 10000, '2014-06-16', 'joe956'),
(921, 16, '2014-06-24', 9650, '2014-06-16', 'joe956'),
(923, 12, '2014-06-25', 23635, '2014-06-24', 'joe956');

-- --------------------------------------------------------

--
-- Tábla szerkezet ehhez a táblához `residents`
--

CREATE TABLE IF NOT EXISTS `residents` (
  `id` int(11) NOT NULL AUTO_INCREMENT,
  `firstname` varchar(100) COLLATE utf8_hungarian_ci NOT NULL,
  `lastname` varchar(100) COLLATE utf8_hungarian_ci NOT NULL,
  `email` varchar(100) COLLATE utf8_hungarian_ci NOT NULL,
  `phone` varchar(255) COLLATE utf8_hungarian_ci DEFAULT NULL,
  `username` varchar(25) COLLATE utf8_hungarian_ci NOT NULL,
  `password` varchar(512) COLLATE utf8_hungarian_ci NOT NULL,
  `depositid` int(11) NOT NULL,
  `active` int(11) NOT NULL DEFAULT '1',
  `admin` int(11) NOT NULL DEFAULT '0',
  `last_login` datetime NOT NULL,
  PRIMARY KEY (`id`),
  UNIQUE KEY `deposit_id` (`depositid`),
  UNIQUE KEY `e-mail` (`email`)
) ENGINE=InnoDB  DEFAULT CHARSET=utf8 COLLATE=utf8_hungarian_ci AUTO_INCREMENT=9 ;

--
-- A tábla adatainak kiíratása `residents`
--

INSERT INTO `residents` (`id`, `firstname`, `lastname`, `email`, `phone`, `username`, `password`, `depositid`, `active`, `admin`, `last_login`) VALUES
(1, 'Udvari', 'József', 'joe956@gmail.com', '30/212-2190', 'joe956', '207650403485c4fd556b18951a7f820cf8c57b22bd9a9380a93932484483b67a6e1f36fbaa16bb6615aa5c0d0bc7b16b670b8e1caa1b5576e381e40e1576cf1c', 14, 1, 0, '2014-07-17 11:02:27'),
(2, 'Anda', 'Géza Pál', 'andapali@gmail.com', '70/605-6935', 'andapali', 'a4a83f41037480c0860718fe1e7cb115fa654972e56f8be37e022de48409100e5eb9238af24ecfe7a3366a609e50d2867d499e965ad76ab7042dac4d84d40300', 63, 1, 0, '0000-00-00 00:00:00'),
(3, 'Czékman', 'József', 'czekman.jozsef@gmail.com', '20/526-7663', 'czekman.jozsef', '9ebef961a1cf2bd1c5d3ded1d54ec1f666a5bfdb59288fe1679adb5d1963da3812427ee1bfb8c41e067c94c3654a879428e852e9d41d0da6e22fe06c57c8e3ff', 12, 1, 0, '0000-00-00 00:00:00'),
(5, 'Dr. Kissné Nyulász', 'Margit', 'csbernadette@gmail.com', '30/248-3184', 'negyedik26', '046f7814d8ab9eb7385bfd6c3fcb00af314e9b3ffdae6ef3edb6afe35f8ba5e2979681f2f3c9dfa28028a8cefcab1e17d83c5fdda4ab9830e06a3467bdb0b049', 26, 1, 0, '0000-00-00 00:00:00'),
(6, 'Takács', 'Márton', 'takacsmarton84@gmail.com', '30/233-3016', 'takacsmarton', '83a0e2c0026408d4036984c5171b82bdb928a2d8d9cefd1da03a01d39367dd7f8a2218a0b31a3bc94ab2afdbf4401d7f80cca788f8b580310c6f0ae0a4a92907', 62, 1, 0, '0000-00-00 00:00:00'),
(8, 'Mészárosné Nyulász', 'Anna', 'nyulasz.anna@gmail.com', '30/411-8225', 'Nyulász Anna', '2d1989fb70e16225306d08a8a0143fe189cbe8bcdb678cd0205536d64a260265426da462cbfbafa0b7aba3e3057763e8fc80ec6f95f17d1ed02970d42f6c6f69', 42, 1, 0, '0000-00-00 00:00:00');

--
-- Megkötések a kiírt táblákhoz
--

--
-- Megkötések a táblához `ccost`
--
ALTER TABLE `ccost`
  ADD CONSTRAINT `ccost_ibfk_1` FOREIGN KEY (`deposit_id`) REFERENCES `deposits` (`id`) ON DELETE CASCADE ON UPDATE CASCADE;

--
-- Megkötések a táblához `deposit_balance`
--
ALTER TABLE `deposit_balance`
  ADD CONSTRAINT `deposit_balance_ibfk_1` FOREIGN KEY (`deposit_id`) REFERENCES `deposits` (`id`) ON DELETE CASCADE ON UPDATE CASCADE;

--
-- Megkötések a táblához `payment`
--
ALTER TABLE `payment`
  ADD CONSTRAINT `payment_ibfk_1` FOREIGN KEY (`deposit_id`) REFERENCES `deposits` (`id`) ON DELETE CASCADE ON UPDATE CASCADE;

--
-- Megkötések a táblához `residents`
--
ALTER TABLE `residents`
  ADD CONSTRAINT `residents_ibfk_1` FOREIGN KEY (`depositid`) REFERENCES `deposits` (`id`) ON DELETE CASCADE ON UPDATE CASCADE;

/*!40101 SET CHARACTER_SET_CLIENT=@OLD_CHARACTER_SET_CLIENT */;
/*!40101 SET CHARACTER_SET_RESULTS=@OLD_CHARACTER_SET_RESULTS */;
/*!40101 SET COLLATION_CONNECTION=@OLD_COLLATION_CONNECTION */;
